date, pm25, pm10, no2
2024/10/2, 82, , 11
2024/10/3, 68, , 7
2024/10/4, 59, , 10
2024/10/5, 60, , 12
2024/10/6, 67, , 10
2024/10/7, 83, , 11
2024/10/8, 71, , 16
2024/10/9, 73, , 7
2024/10/10, 65, , 18
2024/10/11, 63, , 7
2024/10/12, 72, , 8
2024/10/13, 63, , 
2024/10/14, 57, , 
2024/10/15, 59, , 7
2024/10/16, 69, , 12
2024/10/17, 69, , 16
2024/10/18, 87, , 11
2024/10/19, 78, , 12
2024/10/20, 66, , 11
2024/10/21, 62, , 14
2024/10/22, 65, , 13
2024/10/23, 80, , 12
2024/10/24, 63, , 12
2024/10/25, 65, , 9
2024/10/26, 77, , 
2024/7/2, 54, , 15
2024/7/3, 56, , 14
2024/7/4, 65, , 11
2024/7/5, 60, , 6
2024/7/6, 57, , 9
2024/7/7, 69, , 6
2024/7/8, 62, , 9
2024/7/9, 59, , 13
2024/7/10, 61, , 10
2024/7/11, 65, , 12
2024/7/12, 66, , 11
2024/7/13, 72, , 10
2024/7/14, 76, , 6
2024/7/15, 57, , 10
2024/7/16, 56, , 10
2024/7/17, 65, , 12
2024/7/18, 64, , 11
2024/7/19, 64, , 9
2024/7/20, 67, , 9
2024/7/21, 61, , 6
2024/7/22, 51, , 8
2024/7/23, 46, , 10
2024/7/24, 58, , 10
2024/7/25, 74, , 10
2024/7/26, 65, , 11
2024/7/27, 73, , 9
2024/7/28, 67, , 4
2024/7/29, 59, , 8
2024/7/30, 56, , 9
2024/7/31, 64, , 10
2024/8/1, 80, , 12
2024/8/2, 72, , 9
2024/8/3, 65, , 10
2024/8/4, 61, , 4
2024/8/5, 59, , 12
2024/8/6, 63, , 14
2024/8/7, 64, , 10
2024/8/8, 60, , 12
2024/8/9, 70, , 11
2024/8/10, 67, , 11
2024/8/11, 66, , 9
2024/8/12, 61, , 11
2024/8/13, 76, , 12
2024/8/14, 62, , 8
2024/8/15, 65, , 11
2024/8/16, 74, , 16
2024/8/17, 81, , 10
2024/8/18, 68, , 10
2024/8/19, 78, , 9
2024/8/20, 70, , 13
2024/8/21, 69, , 15
2024/8/22, 85, , 10
2024/8/23, 74, , 11
2024/8/24, 67, , 11
2024/8/25, 61, , 9
2024/8/26, 67, , 9
2024/8/27, 57, , 12
2024/8/28, 70, , 8
2024/8/29, 73, , 13
2024/8/30, 71, , 12
2024/8/31, 76, , 14
2024/9/1, 100, , 8
2024/9/2, 74, , 15
2024/9/3, 69, , 12
2024/9/4, 82, , 11
2024/9/5, 73, , 8
2024/9/6, 65, , 5
2024/9/7, 74, , 8
2024/9/11, 80, , 8
2024/9/12, 81, , 7
2024/9/13, 71, , 8
2024/9/14, 63, , 10
2024/9/15, 72, , 4
2024/9/16, 70, , 11
2024/9/17, 61, , 10
2024/9/18, 72, , 9
2024/9/19, 75, , 8
2024/9/20, 74, , 8
2024/9/21, 76, , 
2024/9/24, 57, , 6
2024/9/25, 57, , 9
2024/9/26, 64, , 12
2024/9/27, 72, , 12
2024/9/28, 76, , 11
2024/9/29, 90, , 6
2024/9/30, 64, , 15
2024/10/1, 61, , 16
2024/4/2, 96, , 22
2024/4/3, 94, , 21
2024/4/4, 80, , 25
2024/4/5, 80, , 21
2024/4/6, 78, , 18
2024/4/7, 68, , 11
2024/4/8, 69, , 16
2024/4/9, 59, , 23
2024/4/10, 80, , 20
2024/4/11, 99, , 22
2024/4/12, 98, , 18
2024/4/13, 100, , 17
2024/4/14, 111, , 20
2024/4/15, 120, , 25
2024/4/16, 126, , 21
2024/4/17, 127, , 23
2024/4/18, 109, , 21
2024/4/19, 93, , 23
2024/4/20, 94, , 17
2024/4/21, 71, , 11
2024/4/22, 62, , 20
2024/4/23, 64, , 22
2024/4/24, 76, , 13
2024/4/25, 80, , 17
2024/4/26, 61, , 19
2024/4/27, 71, , 17
2024/4/28, 80, , 14
2024/4/29, 70, , 14
2024/4/30, 57, , 15
2024/5/1, 59, , 11
2024/5/2, 62, , 24
2024/5/3, 61, , 22
2024/5/4, 90, , 14
2024/5/5, 71, , 8
2024/5/6, 48, , 13
2024/5/7, 52, , 11
2024/5/8, 53, , 15
2024/5/9, 54, , 13
2024/5/10, 52, , 14
2024/5/11, 57, , 21
2024/5/12, 73, , 13
2024/5/13, 62, , 7
2024/5/14, 60, , 11
2024/5/15, 56, , 13
2024/5/16, 58, , 17
2024/5/17, 63, , 15
2024/5/18, 72, , 9
2024/5/19, 63, , 10
2024/5/20, 52, , 17
2024/5/21, 60, , 14
2024/5/22, 66, , 15
2024/5/23, 71, , 15
2024/5/24, 74, , 15
2024/5/25, 62, , 12
2024/5/26, 58, , 9
2024/5/27, 65, , 11
2024/5/28, 61, , 15
2024/5/29, 69, , 16
2024/5/30, 62, , 16
2024/5/31, 62, , 14
2024/6/1, 67, , 8
2024/6/2, 65, , 6
2024/6/3, 53, , 6
2024/6/4, 49, , 17
2024/6/5, 63, , 13
2024/6/6, 72, , 12
2024/6/7, 61, , 12
2024/6/8, 65, , 9
2024/6/9, 56, , 7
2024/6/10, 51, , 8
2024/6/11, 72, , 13
2024/6/12, 64, , 9
2024/6/13, 58, , 11
2024/6/14, 55, , 13
2024/6/15, 69, , 9
2024/6/16, 58, , 7
2024/6/17, 38, , 9
2024/6/18, 49, , 11
2024/6/19, 59, , 18
2024/6/20, 74, , 13
2024/6/21, 71, , 10
2024/6/22, 55, , 11
2024/6/23, 60, , 7
2024/6/24, 58, , 12
2024/6/25, 62, , 12
2024/6/26, 60, , 16
2024/6/27, 57, , 18
2024/6/28, 63, , 16
2024/6/29, 63, , 11
2024/6/30, 57, , 7
2024/7/1, 62, , 10
2024/1/2, 78, , 9
2024/1/3, 61, , 13
2024/1/4, 51, , 13
2024/1/5, 61, , 13
2024/1/6, 71, , 12
2024/1/7, 60, , 8
2024/1/8, 53, , 9
2024/1/9, 57, , 14
2024/1/10, 66, , 10
2024/1/11, 72, , 12
2024/1/12, 75, , 14
2024/1/13, 76, , 
2024/1/17, 74, , 11
2024/1/18, 79, , 14
2024/1/19, 75, , 14
2024/1/20, 82, , 14
2024/1/21, 83, , 10
2024/1/22, 78, , 13
2024/1/23, 67, , 15
2024/1/24, 71, , 18
2024/1/25, 87, , 18
2024/1/26, 101, , 18
2024/1/27, 119, , 16
2024/1/28, 121, , 12
2024/1/29, 122, , 15
2024/1/30, 102, , 13
2024/1/31, 91, , 
2024/2/1, 83, , 6
2024/2/2, 84, , 5
2024/2/3, 102, , 4
2024/2/4, 77, , 3
2024/2/5, 63, , 4
2024/2/6, 89, , 6
2024/2/7, 77, , 3
2024/2/8, 65, , 2
2024/2/9, 46, , 7
2024/2/10, 49, , 4
2024/2/11, 59, , 4
2024/2/12, 59, , 8
2024/2/13, 71, , 7
2024/2/14, 87, , 7
2024/2/15, 82, , 8
2024/2/16, 74, , 8
2024/2/17, 73, , 7
2024/2/18, 68, , 5
2024/2/19, 64, , 6
2024/2/20, 68, , 9
2024/2/21, 88, , 9
2024/2/22, 104, , 11
2024/2/23, 67, , 13
2024/2/24, 58, , 15
2024/2/25, 63, , 9
2024/2/26, 72, , 22
2024/2/27, 85, , 20
2024/2/28, 103, , 18
2024/2/29, 105, , 21
2024/3/1, 123, , 18
2024/3/2, 122, , 18
2024/3/3, 115, , 12
2024/3/4, 97, , 16
2024/3/5, 97, , 16
2024/3/6, 124, , 21
2024/3/7, 127, , 18
2024/3/8, 125, , 16
2024/3/9, 109, , 22
2024/3/10, 103, , 13
2024/3/11, 91, , 21
2024/3/12, 89, , 13
2024/3/13, 91, , 20
2024/3/14, 83, , 17
2024/3/15, 85, , 17
2024/3/16, 82, , 16
2024/3/17, 103, , 12
2024/3/18, 94, , 17
2024/3/19, 94, , 24
2024/3/20, 80, , 23
2024/3/21, 98, , 19
2024/3/22, 94, , 19
2024/3/23, 89, , 17
2024/3/24, 102, , 14
2024/3/25, 105, , 12
2024/3/26, 88, , 14
2024/3/27, 81, , 14
2024/3/28, 95, , 12
2024/3/29, 95, , 7
2024/3/30, 85, , 10
2024/3/31, 92, , 17
2024/4/1, 96, , 19
2023/10/2, 53, , 14
2023/10/3, 44, , 21
2023/10/4, 65, , 18
2023/10/5, 63, , 26
2023/10/6, 75, , 22
2023/10/7, 81, , 22
2023/10/8, 65, , 14
2023/10/9, 60, , 20
2023/10/10, 73, , 20
2023/10/11, 73, , 19
2023/10/12, 66, , 19
2023/10/13, 69, , 29
2023/10/14, 83, , 25
2023/10/15, 79, , 12
2023/10/16, 74, , 13
2023/10/17, 56, , 21
2023/10/18, 60, , 25
2023/10/19, 77, , 25
2023/10/20, 86, , 23
2023/10/21, 80, , 21
2023/10/22, 64, , 19
2023/10/23, 73, , 21
2023/10/24, 71, , 22
2023/10/25, 74, , 23
2023/10/26, 83, , 19
2023/10/27, 84, , 14
2023/10/28, 62, , 9
2023/10/29, 33, , 9
2023/10/30, 35, , 18
2023/10/31, 47, , 16
2023/11/1, 55, , 23
2023/11/2, 59, , 19
2023/11/3, 59, , 16
2023/11/4, 59, , 17
2023/11/5, 55, , 13
2023/11/6, 59, , 13
2023/11/7, 57, , 17
2023/11/8, 56, , 22
2023/11/9, 65, , 21
2023/11/10, 77, , 22
2023/11/11, 76, , 16
2023/11/12, 64, , 13
2023/11/13, 59, , 10
2023/11/14, 52, , 16
2023/11/15, 48, , 19
2023/11/16, 58, , 17
2023/11/17, 57, , 17
2023/11/18, 70, , 14
2023/11/19, 61, , 11
2023/11/20, 56, , 16
2023/11/21, 48, , 14
2023/11/22, 51, , 14
2023/11/23, 56, , 15
2023/11/24, 57, , 17
2023/11/25, 59, , 13
2023/11/26, 59, , 11
2023/11/27, 52, , 16
2023/11/28, 53, , 17
2023/11/29, 66, , 16
2023/11/30, 65, , 17
2023/12/1, 56, , 19
2023/12/2, 74, , 17
2023/12/3, 76, , 12
2023/12/4, 62, , 16
2023/12/5, 59, , 18
2023/12/6, 63, , 21
2023/12/7, 67, , 22
2023/12/8, 76, , 15
2023/12/9, 85, , 15
2023/12/10, 73, , 12
2023/12/11, 59, , 15
2023/12/12, 57, , 15
2023/12/13, 55, , 16
2023/12/14, 58, , 18
2023/12/15, 70, , 20
2023/12/16, 74, , 20
2023/12/17, 73, , 12
2023/12/18, 62, , 13
2023/12/19, 52, , 15
2023/12/20, 51, , 15
2023/12/21, 54, , 17
2023/12/22, 59, , 15
2023/12/23, 62, , 16
2023/12/24, 65, , 12
2023/12/25, 71, , 11
2023/12/26, 78, , 17
2023/12/27, 62, , 17
2023/12/28, 54, , 15
2023/12/29, 69, , 14
2023/12/30, 63, , 14
2023/12/31, 53, , 9
2024/1/1, 51, , 7
2023/7/2, 61, , 5
2023/7/3, 60, , 4
2023/7/4, 58, , 8
2023/7/5, 65, , 9
2023/7/6, 60, , 11
2023/7/7, 61, , 15
2023/7/8, 67, , 10
2023/7/9, 63, , 6
2023/7/10, 60, , 11
2023/7/11, 65, , 14
2023/7/12, 71, , 10
2023/7/13, 56, , 5
2023/7/14, 59, , 9
2023/7/15, 58, , 12
2023/7/16, 58, , 8
2023/7/17, 47, , 15
2023/7/18, 52, , 10
2023/7/22, 65, , 14
2023/7/23, 83, , 11
2023/7/24, 87, , 12
2023/7/25, 62, , 19
2023/7/26, 59, , 20
2023/7/27, 73, , 16
2023/7/28, 82, , 17
2023/7/29, 87, , 13
2023/7/30, 62, , 10
2023/7/31, 64, , 13
2023/8/1, 47, , 16
2023/8/2, 55, , 16
2023/8/3, 68, , 14
2023/8/4, 59, , 15
2023/8/5, 68, , 14
2023/8/6, 69, , 11
2023/8/7, 56, , 9
2023/8/8, 52, , 18
2023/8/9, 58, , 21
2023/8/10, 87, , 17
2023/8/11, 74, , 16
2023/8/12, 56, , 13
2023/8/13, 53, , 11
2023/8/14, 38, , 12
2023/8/15, 46, , 16
2023/8/16, 50, , 17
2023/8/17, 58, , 12
2023/8/18, 58, , 17
2023/8/19, 56, , 13
2023/8/20, 73, , 11
2023/8/21, 51, , 9
2023/8/22, 53, , 13
2023/8/23, 42, , 13
2023/8/24, 58, , 14
2023/8/25, 51, , 14
2023/8/26, 47, , 12
2023/8/27, 59, , 8
2023/8/28, 56, , 12
2023/8/29, 54, , 13
2023/8/30, 55, , 12
2023/8/31, 60, , 18
2023/9/1, 69, , 17
2023/9/2, 71, , 18
2023/9/3, 72, , 15
2023/9/4, 77, , 16
2023/9/5, 54, , 10
2023/9/6, 46, , 14
2023/9/10, 75, , 10
2023/9/11, 77, , 11
2023/9/12, 49, , 10
2023/9/13, 46, , 15
2023/9/14, 54, , 15
2023/9/15, 61, , 13
2023/9/16, 62, , 14
2023/9/17, 67, , 8
2023/9/18, 63, , 14
2023/9/19, 64, , 12
2023/9/20, 65, , 14
2023/9/21, 63, , 15
2023/9/22, 77, , 13
2023/9/23, 70, , 18
2023/9/24, 72, , 11
2023/9/25, 64, , 16
2023/9/26, 74, , 14
2023/9/27, 75, , 13
2023/9/28, 65, , 17
2023/9/29, 61, , 18
2023/9/30, 59, , 15
2023/10/1, 65, , 10
2023/4/2, 80, , 12
2023/4/3, 70, , 17
2023/4/4, 68, , 17
2023/4/5, 58, , 15
2023/4/6, 83, , 8
2023/4/7, 69, , 4
2023/4/8, 39, , 8
2023/4/9, 32, , 6
2023/4/10, 43, , 12
2023/4/11, 55, , 15
2023/4/12, 54, , 16
2023/4/13, 59, , 14
2023/4/14, 69, , 17
2023/4/15, 68, , 18
2023/4/16, 87, , 14
2023/4/17, 78, , 11
2023/4/18, 58, , 4
2023/4/19, 56, , 
2023/4/20, 61, , 22
2023/4/21, 60, , 12
2023/4/22, 64, , 10
2023/4/23, 53, , 7
2023/4/24, 39, , 11
2023/4/25, 30, , 12
2023/4/26, 47, , 16
2023/4/27, 60, , 16
2023/4/28, 70, , 14
2023/4/29, 60, , 14
2023/4/30, 51, , 10
2023/5/1, 49, , 7
2023/5/2, 56, , 10
2023/5/3, 41, , 14
2023/5/4, 56, , 12
2023/5/5, 59, , 13
2023/5/6, 58, , 13
2023/5/7, 67, , 8
2023/5/8, 65, , 13
2023/5/9, 58, , 15
2023/5/10, 66, , 15
2023/5/11, 75, , 14
2023/5/12, 69, , 15
2023/5/13, 72, , 13
2023/5/14, 66, , 8
2023/5/15, 56, , 12
2023/5/16, 47, , 17
2023/5/17, 64, , 15
2023/5/18, 66, , 15
2023/5/19, 61, , 15
2023/5/20, 55, , 17
2023/5/21, 59, , 13
2023/5/23, 58, , 15
2023/5/24, 39, , 20
2023/5/25, 59, , 16
2023/5/26, 65, , 21
2023/5/27, 56, , 22
2023/5/28, 74, , 10
2023/5/31, 49, , 22
2023/6/1, 54, , 15
2023/6/2, 62, , 12
2023/6/3, 54, , 15
2023/6/4, 66, , 12
2023/6/5, 77, , 15
2023/6/6, 55, , 14
2023/6/7, 44, , 15
2023/6/8, 70, , 
2023/6/11, 55, , 11
2023/6/12, 49, , 11
2023/6/13, 45, , 16
2023/6/14, 57, , 16
2023/6/15, 62, , 13
2023/6/16, 57, , 12
2023/6/17, 53, , 10
2023/6/18, 61, , 5
2023/6/19, 50, , 7
2023/6/20, 28, , 12
2023/6/22, 63, , 12
2023/6/23, 63, , 11
2023/6/24, 57, , 10
2023/6/25, 57, , 6
2023/6/26, 57, , 11
2023/6/27, 61, , 6
2023/6/28, 51, , 7
2023/6/29, 48, , 7
2023/6/30, 53, , 11
2023/7/1, 54, , 9
2023/1/3, 79, , 15
2023/1/4, 57, , 14
2023/1/5, 60, , 11
2023/1/6, 53, , 13
2023/1/7, 64, , 11
2023/1/8, 62, , 9
2023/1/9, 52, , 9
2023/1/10, 65, , 12
2023/1/11, 67, , 11
2023/1/12, 66, , 10
2023/1/13, 73, , 11
2023/1/14, 65, , 10
2023/1/15, 102, , 8
2023/1/16, 71, , 9
2023/1/17, 56, , 11
2023/1/18, 62, , 12
2023/1/19, 85, , 6
2023/1/20, 80, , 7
2023/1/21, 71, , 9
2023/1/22, 82, , 6
2023/1/23, 70, , 7
2023/1/24, 58, , 9
2023/1/25, 65, , 11
2023/1/26, 69, , 10
2023/1/27, 72, , 10
2023/1/28, 66, , 11
2023/1/29, 74, , 8
2023/1/30, 73, , 11
2023/1/31, 73, , 10
2023/2/1, 74, , 
2023/2/2, 82, , 
2023/2/3, 89, , 
2023/2/4, 85, , 
2023/2/5, 102, , 
2023/2/6, 80, , 
2023/2/7, 77, , 
2023/2/8, 82, , 
2023/2/9, 70, , 
2023/2/10, 79, , 27
2023/2/11, 66, , 21
2023/2/12, 65, , 20
2023/2/13, 65, , 22
2023/2/14, 68, , 19
2023/2/15, 54, , 19
2023/2/16, 54, , 20
2023/2/17, 55, , 17
2023/2/18, 68, , 14
2023/2/19, 59, , 12
2023/2/20, 57, , 16
2023/2/21, 64, , 20
2023/2/22, 80, , 20
2023/2/23, 85, , 22
2023/2/24, 92, , 18
2023/2/25, 103, , 17
2023/2/26, 103, , 14
2023/2/27, 96, , 18
2023/2/28, 113, , 17
2023/3/1, 93, , 14
2023/3/2, 75, , 16
2023/3/3, 75, , 18
2023/3/4, 82, , 15
2023/3/5, 68, , 16
2023/3/6, 55, , 17
2023/3/7, 55, , 18
2023/3/8, 55, , 20
2023/3/9, 71, , 24
2023/3/10, 69, , 22
2023/3/11, 78, , 16
2023/3/12, 75, , 15
2023/3/13, 46, , 20
2023/3/14, 56, , 20
2023/3/15, 66, , 19
2023/3/16, 66, , 18
2023/3/17, 65, , 17
2023/3/18, 61, , 14
2023/3/19, 66, , 12
2023/3/20, 73, , 9
2023/3/21, 76, , 14
2023/3/22, 91, , 19
2023/3/23, 103, , 19
2023/3/24, 119, , 18
2023/3/25, 107, , 18
2023/3/26, 93, , 12
2023/3/27, 91, , 20
2023/3/28, 95, , 21
2023/3/29, 91, , 20
2023/3/30, 83, , 19
2023/3/31, 96, , 16
2023/4/1, 72, , 16
2022/10/2, 71, , 10
2022/10/3, 66, , 12
2022/10/4, 42, , 17
2022/10/5, 48, , 14
2022/10/6, 59, , 13
2022/10/7, 62, , 12
2022/10/8, 61, , 9
2022/10/9, 48, , 9
2022/10/10, 60, , 12
2022/10/11, 60, , 11
2022/10/12, 63, , 14
2022/10/13, 74, , 14
2022/10/14, 77, , 14
2022/10/15, 87, , 15
2022/10/16, 89, , 8
2022/10/17, 75, , 6
2022/10/18, 49, , 15
2022/10/19, 60, , 15
2022/10/20, 67, , 8
2022/10/21, 69, , 12
2022/10/22, 72, , 10
2022/10/23, 73, , 9
2022/10/24, 58, , 10
2022/10/25, 65, , 9
2022/10/26, 79, , 9
2022/10/27, 58, , 6
2022/10/28, 56, , 5
2022/10/29, 56, , 5
2022/10/30, 43, , 2
2022/10/31, 28, , 8
2022/11/1, 41, , 9
2022/11/2, 75, , 10
2022/11/3, 69, , 10
2022/11/4, 67, , 6
2022/11/5, 55, , 5
2022/11/6, 43, , 4
2022/11/7, 32, , 6
2022/11/8, 47, , 11
2022/11/9, 56, , 12
2022/11/10, 60, , 14
2022/11/11, 53, , 14
2022/11/12, 64, , 9
2022/11/13, 56, , 4
2022/11/14, 47, , 4
2022/11/15, 29, , 10
2022/11/16, 46, , 11
2022/11/17, 62, , 12
2022/11/18, 79, , 13
2022/11/19, 68, , 12
2022/11/20, 72, , 6
2022/11/21, 72, , 10
2022/11/22, 75, , 7
2022/11/23, 62, , 8
2022/11/24, 49, , 8
2022/11/25, 53, , 9
2022/11/26, 55, , 6
2022/11/27, 81, , 3
2022/11/28, 70, , 5
2022/11/29, 56, , 11
2022/11/30, 68, , 14
2022/12/1, 72, , 12
2022/12/2, 65, , 11
2022/12/3, 51, , 14
2022/12/4, 51, , 10
2022/12/5, 50, , 14
2022/12/6, 50, , 19
2022/12/7, 51, , 17
2022/12/8, 55, , 12
2022/12/9, 72, , 19
2022/12/10, 61, , 14
2022/12/11, 64, , 10
2022/12/12, 61, , 19
2022/12/13, 63, , 20
2022/12/14, 69, , 9
2022/12/15, 66, , 10
2022/12/16, 58, , 10
2022/12/17, 55, , 14
2022/12/18, 69, , 8
2022/12/19, 74, , 11
2022/12/20, 63, , 13
2022/12/21, 68, , 14
2022/12/22, 80, , 13
2022/12/23, 76, , 18
2022/12/24, 79, , 12
2022/12/25, 79, , 7
2022/12/26, 86, , 10
2022/12/27, 73, , 13
2022/12/28, 68, , 11
2022/12/29, 67, , 12
2022/12/30, 66, , 15
2022/12/31, 74, , 10
2023/1/1, 70, , 8
2023/1/2, 102, , 11
2022/7/2, 81, , 14
2022/7/3, 92, , 6
2022/7/4, 78, , 4
2022/7/5, 69, , 7
2022/7/6, 66, , 8
2022/7/7, 66, , 9
2022/7/8, 73, , 9
2022/7/9, 68, , 9
2022/7/10, 77, , 6
2022/7/11, 59, , 13
2022/7/12, 69, , 12
2022/7/13, 80, , 9
2022/7/14, 68, , 8
2022/7/15, 64, , 9
2022/7/16, 74, , 8
2022/7/17, 83, , 3
2022/7/18, 74, , 4
2022/7/19, 64, , 5
2022/7/20, 71, , 4
2022/7/21, 68, , 7
2022/7/22, 78, , 8
2022/7/23, 79, , 9
2022/7/24, 74, , 6
2022/7/25, 75, , 11
2022/7/26, 66, , 12
2022/7/27, 74, , 11
2022/7/28, 82, , 12
2022/7/29, 75, , 10
2022/7/30, 69, , 7
2022/7/31, 68, , 7
2022/8/1, 70, , 10
2022/8/2, 73, , 12
2022/8/3, 85, , 12
2022/8/4, 93, , 11
2022/8/5, 82, , 13
2022/8/6, 79, , 13
2022/8/10, 72, , 10
2022/8/11, 75, , 10
2022/8/12, 69, , 12
2022/8/13, 88, , 8
2022/8/14, 80, , 5
2022/8/15, 55, , 3
2022/8/16, 60, , 6
2022/8/17, 66, , 8
2022/8/18, 66, , 9
2022/8/19, 68, , 7
2022/8/20, 76, , 10
2022/8/21, 72, , 6
2022/8/22, 64, , 11
2022/8/23, 74, , 10
2022/8/24, 84, , 12
2022/8/25, 79, , 15
2022/8/26, 86, , 16
2022/8/27, 90, , 16
2022/8/28, 96, , 10
2022/8/29, 82, , 15
2022/8/30, 64, , 13
2022/8/31, 65, , 14
2022/9/1, 71, , 15
2022/9/2, 73, , 13
2022/9/3, 77, , 14
2022/9/4, 67, , 11
2022/9/5, 74, , 14
2022/9/6, 75, , 13
2022/9/7, 91, , 11
2022/9/8, 73, , 13
2022/9/9, 63, , 15
2022/9/10, 61, , 13
2022/9/11, 64, , 8
2022/9/12, 60, , 14
2022/9/13, 57, , 15
2022/9/14, 59, , 16
2022/9/15, 58, , 21
2022/9/16, 87, , 16
2022/9/17, 66, , 18
2022/9/18, 75, , 11
2022/9/19, 61, , 15
2022/9/20, 56, , 14
2022/9/21, 58, , 16
2022/9/22, 68, , 19
2022/9/23, 66, , 22
2022/9/24, 74, , 18
2022/9/25, 90, , 13
2022/9/26, 79, , 14
2022/9/27, 69, , 16
2022/9/28, 70, , 11
2022/9/29, 63, , 13
2022/9/30, 61, , 18
2022/10/1, 82, , 20
2022/4/2, 86, , 15
2022/4/3, 86, , 10
2022/4/4, 93, , 14
2022/4/5, 82, , 16
2022/4/6, 83, , 13
2022/4/7, 86, , 18
2022/4/8, 84, , 15
2022/4/9, 90, , 12
2022/4/10, 77, , 9
2022/4/11, 79, , 13
2022/4/12, 75, , 11
2022/4/13, 73, , 15
2022/4/14, 86, , 10
2022/4/15, 107, , 5
2022/4/16, 80, , 7
2022/4/17, 74, , 7
2022/4/18, 62, , 13
2022/4/19, 75, , 9
2022/4/20, 73, , 14
2022/4/21, 62, , 12
2022/4/22, 67, , 8
2022/4/23, 60, , 8
2022/4/24, 66, , 8
2022/4/25, 61, , 10
2022/4/26, 64, , 11
2022/4/27, 83, , 12
2022/4/28, 90, , 6
2022/4/29, 81, , 8
2022/4/30, 61, , 8
2022/5/1, 70, , 5
2022/5/2, 72, , 7
2022/5/3, 66, , 7
2022/5/4, 66, , 9
2022/5/5, 69, , 8
2022/5/6, 76, , 7
2022/5/7, 72, , 7
2022/5/8, 69, , 3
2022/5/9, 81, , 9
2022/5/10, 86, , 7
2022/5/11, 81, , 11
2022/5/12, 97, , 11
2022/5/13, 80, , 8
2022/5/14, 84, , 9
2022/5/15, 75, , 3
2022/5/16, 67, , 9
2022/5/17, 66, , 7
2022/5/18, 81, , 10
2022/5/19, 76, , 10
2022/5/20, 75, , 11
2022/5/21, 76, , 9
2022/5/22, 72, , 7
2022/5/23, 91, , 7
2022/5/24, 82, , 13
2022/5/25, 77, , 11
2022/5/26, 85, , 11
2022/5/27, 77, , 10
2022/5/28, 68, , 9
2022/5/29, 68, , 5
2022/5/30, 64, , 4
2022/5/31, 57, , 9
2022/6/1, 67, , 13
2022/6/2, 97, , 10
2022/6/3, 79, , 14
2022/6/4, 75, , 13
2022/6/5, 87, , 
2022/6/7, 82, , 14
2022/6/8, 97, , 13
2022/6/9, 87, , 15
2022/6/10, 90, , 15
2022/6/11, 89, , 11
2022/6/12, 75, , 6
2022/6/13, 66, , 10
2022/6/14, 59, , 6
2022/6/15, 61, , 1
2022/6/16, 77, , 3
2022/6/17, 85, , 1
2022/6/18, 77, , 1
2022/6/19, 92, , 
2022/6/20, 67, , 1
2022/6/21, 65, , 3
2022/6/22, 74, , 3
2022/6/23, 76, , 9
2022/6/24, 75, , 12
2022/6/25, 88, , 14
2022/6/26, 81, , 11
2022/6/27, 70, , 9
2022/6/28, 75, , 13
2022/6/29, 67, , 12
2022/6/30, 65, , 9
2022/7/1, 68, , 13
2022/1/4, 78, , 10
2022/1/5, 78, , 12
2022/1/6, 74, , 15
2022/1/7, 78, , 16
2022/1/8, 70, , 13
2022/1/9, 73, , 8
2022/1/10, 81, , 8
2022/1/11, 69, , 14
2022/1/12, 67, , 12
2022/1/13, 67, , 9
2022/1/14, 64, , 10
2022/1/15, 64, , 11
2022/1/16, 64, , 10
2022/1/17, 71, , 12
2022/1/18, 73, , 14
2022/1/19, 75, , 13
2022/1/20, 72, , 13
2022/1/21, 75, , 15
2022/1/22, 86, , 16
2022/1/23, 88, , 9
2022/1/24, 85, , 12
2022/1/25, 78, , 19
2022/1/26, 80, , 17
2022/1/27, 86, , 14
2022/1/28, 85, , 18
2022/1/29, 89, , 15
2022/1/30, 98, , 10
2022/1/31, 90, , 14
2022/2/1, 78, , 14
2022/2/2, 79, , 14
2022/2/3, 81, , 17
2022/2/4, 95, , 17
2022/2/5, 117, , 16
2022/2/6, 111, , 14
2022/2/7, 90, , 18
2022/2/8, 82, , 19
2022/2/9, 80, , 16
2022/2/10, 100, , 18
2022/2/11, 104, , 15
2022/2/12, 89, , 16
2022/2/13, 81, , 12
2022/2/14, 92, , 21
2022/2/15, 97, , 16
2022/2/16, 93, , 17
2022/2/17, 89, , 17
2022/2/18, 99, , 21
2022/2/19, 108, , 15
2022/2/20, 82, , 14
2022/2/21, 88, , 18
2022/2/22, 82, , 17
2022/2/23, 93, , 19
2022/2/24, 113, , 16
2022/2/25, 137, , 16
2022/2/26, 144, , 16
2022/2/27, 138, , 14
2022/2/28, 112, , 19
2022/3/1, 88, , 11
2022/3/2, 76, , 84
2022/3/3, 78, , 60
2022/3/4, 81, , 18
2022/3/5, 91, , 15
2022/3/6, 90, , 6
2022/3/7, 84, , 11
2022/3/8, 72, , 11
2022/3/9, 75, , 13
2022/3/10, 83, , 10
2022/3/11, 80, , 11
2022/3/12, 75, , 9
2022/3/13, 83, , 8
2022/3/14, 90, , 13
2022/3/15, 74, , 18
2022/3/16, 93, , 17
2022/3/17, 115, , 19
2022/3/18, 153, , 18
2022/3/19, 136, , 13
2022/3/20, 140, , 10
2022/3/21, 112, , 12
2022/3/22, 109, , 16
2022/3/23, 115, , 16
2022/3/24, 128, , 17
2022/3/25, 138, , 21
2022/3/26, 126, , 16
2022/3/27, 138, , 11
2022/3/28, 102, , 13
2022/3/29, 95, , 15
2022/3/30, 81, , 17
2022/3/31, 82, , 19
2022/4/1, 94, , 14
2021/10/2, 67, , 17
2021/10/3, 82, , 17
2021/10/4, 73, , 16
2021/10/5, 72, , 17
2021/10/6, 67, , 15
2021/10/7, 61, , 17
2021/10/8, 69, , 16
2021/10/9, 70, , 15
2021/10/10, 63, , 13
2021/10/11, 71, , 15
2021/10/12, 70, , 17
2021/10/13, 67, , 17
2021/10/14, 73, , 16
2021/10/15, 83, , 17
2021/10/16, 77, , 19
2021/10/17, 91, , 13
2021/10/18, 65, , 9
2021/10/19, 59, , 15
2021/10/20, 58, , 15
2021/10/21, 59, , 18
2021/10/22, 67, , 24
2021/10/23, 81, , 24
2021/10/24, 98, , 13
2021/10/25, 80, , 16
2021/10/26, 72, , 19
2021/10/27, 71, , 23
2021/10/28, 63, , 24
2021/10/29, 100, , 22
2021/10/30, 100, , 17
2021/10/31, 77, , 11
2021/11/1, 51, , 10
2021/11/2, 62, , 18
2021/11/3, 57, , 15
2021/11/4, 69, , 16
2021/11/5, 69, , 12
2021/11/6, 71, , 14
2021/11/7, 62, , 10
2021/11/8, 68, , 15
2021/11/9, 66, , 18
2021/11/10, 68, , 20
2021/11/11, 85, , 17
2021/11/12, 77, , 16
2021/11/13, 77, , 17
2021/11/14, 68, , 15
2021/11/15, 69, , 14
2021/11/16, 81, , 20
2021/11/17, 89, , 14
2021/11/18, 78, , 15
2021/11/19, 66, , 16
2021/11/20, 66, , 19
2021/11/21, 64, , 16
2021/11/22, 72, , 21
2021/11/23, 83, , 23
2021/11/24, 89, , 22
2021/11/25, 84, , 17
2021/11/26, 70, , 22
2021/11/27, 77, , 18
2021/11/28, 71, , 11
2021/11/29, 67, , 13
2021/11/30, 57, , 16
2021/12/1, 70, , 17
2021/12/2, 74, , 13
2021/12/3, 64, , 15
2021/12/4, 60, , 16
2021/12/5, 69, , 11
2021/12/6, 65, , 15
2021/12/7, 63, , 14
2021/12/8, 65, , 11
2021/12/9, 79, , 15
2021/12/10, 68, , 15
2021/12/11, 71, , 15
2021/12/12, 68, , 11
2021/12/13, 76, , 13
2021/12/14, 58, , 17
2021/12/16, 79, , 14
2021/12/17, 75, , 14
2021/12/18, 70, , 22
2021/12/19, 99, , 14
2021/12/20, 128, , 14
2021/12/21, 73, , 14
2021/12/22, 80, , 13
2021/12/23, 81, , 11
2021/12/24, 69, , 11
2021/12/25, 70, , 8
2021/12/26, 79, , 8
2021/12/27, 70, , 16
2021/12/28, 74, , 13
2021/12/29, 81, , 17
2021/12/30, 78, , 14
2021/12/31, 101, , 11
2022/1/1, 82, , 9
2022/1/2, 85, , 
2021/7/2, 72, , 
2021/7/3, 65, , 
2021/7/4, 62, , 
2021/7/5, 60, , 
2021/7/6, 45, , 8
2021/7/7, 62, , 8
2021/7/8, 63, , 8
2021/7/9, 63, , 12
2021/7/10, 62, , 15
2021/7/14, 67, , 11
2021/7/15, 67, , 11
2021/7/16, 66, , 12
2021/7/17, 74, , 11
2021/7/18, 60, , 7
2021/7/19, 53, , 9
2021/7/20, 49, , 7
2021/7/21, 60, , 8
2021/7/22, 67, , 7
2021/7/23, 69, , 8
2021/7/24, 65, , 11
2021/7/25, 73, , 5
2021/7/26, 64, , 6
2021/7/27, 59, , 8
2021/7/28, 62, , 10
2021/7/29, 89, , 9
2021/7/30, 75, , 7
2021/7/31, 74, , 5
2021/8/1, 60, , 6
2021/8/2, 58, , 5
2021/8/3, 60, , 13
2021/8/4, 76, , 10
2021/8/5, 115, , 9
2021/8/6, 91, , 10
2021/8/7, 85, , 8
2021/8/8, 94, , 3
2021/8/9, 79, , 7
2021/8/10, 58, , 10
2021/8/11, 65, , 9
2021/8/12, 76, , 7
2021/8/13, 68, , 7
2021/8/14, 63, , 8
2021/8/15, 69, , 4
2021/8/16, 60, , 7
2021/8/17, 69, , 7
2021/8/18, 65, , 10
2021/8/19, 59, , 9
2021/8/20, 69, , 16
2021/8/21, 71, , 12
2021/8/22, 85, , 4
2021/8/23, 68, , 10
2021/8/24, 57, , 9
2021/8/25, 59, , 17
2021/8/26, 75, , 9
2021/8/27, 77, , 7
2021/8/28, 65, , 8
2021/8/29, 55, , 5
2021/8/30, 64, , 7
2021/8/31, 55, , 15
2021/9/2, 64, , 7
2021/9/3, 58, , 7
2021/9/4, 56, , 6
2021/9/5, 66, , 8
2021/9/6, 62, , 14
2021/9/7, 67, , 14
2021/9/8, 77, , 14
2021/9/9, 74, , 11
2021/9/10, 92, , 12
2021/9/11, 64, , 18
2021/9/12, 64, , 12
2021/9/13, 61, , 14
2021/9/14, 57, , 16
2021/9/15, 63, , 15
2021/9/16, 63, , 14
2021/9/17, 63, , 17
2021/9/18, 65, , 17
2021/9/19, 68, , 12
2021/9/20, 66, , 15
2021/9/21, 59, , 18
2021/9/22, 63, , 20
2021/9/23, 74, , 18
2021/9/24, 68, , 17
2021/9/25, 77, , 16
2021/9/26, 63, , 13
2021/9/27, 73, , 15
2021/9/28, 65, , 16
2021/9/29, 72, , 19
2021/9/30, 78, , 19
2021/10/1, 74, , 21
2021/4/2, 62, , 
2021/4/3, 64, , 2
2021/4/4, 58, , 1
2021/4/5, 58, , 4
2021/4/6, 54, , 4
2021/4/7, 63, , 2
2021/4/8, 58, , 5
2021/4/9, 58, , 1
2021/4/10, 58, , 1
2021/4/11, 53, , 
2021/4/12, 49, , 3
2021/4/13, 53, , 9
2021/4/14, 67, , 5
2021/4/15, 65, , 5
2021/4/16, 70, , 3
2021/4/17, 77, , 2
2021/4/18, 70, , 1
2021/4/19, 58, , 4
2021/4/20, 60, , 4
2021/4/21, 63, , 4
2021/4/22, 85, , 6
2021/4/23, 90, , 3
2021/4/24, 83, , 5
2021/4/25, 74, , 1
2021/4/26, 71, , 4
2021/4/27, 77, , 6
2021/4/28, 114, , 3
2021/4/29, 85, , 2
2021/4/30, 52, , 2
2021/5/1, 62, , 2
2021/5/2, 73, , 1
2021/5/3, 60, , 3
2021/5/4, 49, , 4
2021/5/5, 61, , 3
2021/5/6, 60, , 3
2021/5/7, 65, , 4
2021/5/8, 80, , 3
2021/5/9, 63, , 1
2021/5/10, 58, , 3
2021/5/11, 68, , 4
2021/5/12, 69, , 3
2021/5/13, 54, , 3
2021/5/14, 58, , 5
2021/5/15, 58, , 3
2021/5/16, 63, , 2
2021/5/17, 62, , 2
2021/5/18, 54, , 3
2021/5/19, 56, , 4
2021/5/20, 64, , 3
2021/5/21, 63, , 3
2021/5/22, 71, , 3
2021/5/23, 80, , 2
2021/5/24, 61, , 4
2021/5/25, 56, , 3
2021/5/26, 64, , 3
2021/5/27, 64, , 4
2021/5/28, 77, , 3
2021/5/29, 79, , 3
2021/5/30, 68, , 2
2021/5/31, 69, , 5
2021/6/1, 69, , 3
2021/6/2, 66, , 5
2021/6/3, 65, , 5
2021/6/4, 60, , 4
2021/6/5, 70, , 3
2021/6/6, 67, , 1
2021/6/7, 56, , 1
2021/6/8, 53, , 3
2021/6/9, 61, , 5
2021/6/10, 66, , 3
2021/6/11, 74, , 4
2021/6/12, 71, , 3
2021/6/13, 76, , 1
2021/6/14, 83, , 2
2021/6/15, 65, , 3
2021/6/16, 67, , 
2021/6/17, 73, , 
2021/6/18, 70, , 
2021/6/19, 74, , 
2021/6/20, 62, , 
2021/6/21, 63, , 
2021/6/22, 57, , 
2021/6/23, 64, , 7
2021/6/24, 70, , 5
2021/6/25, 68, , 3
2021/6/26, 68, , 3
2021/6/27, 67, , 1
2021/6/28, 85, , 4
2021/6/29, 56, , 1
2021/6/30, 68, , 
2021/7/1, 81, , 
2021/1/5, 60, , 14
2021/1/6, 59, , 14
2021/1/7, 64, , 16
2021/1/8, 76, , 13
2021/1/9, 69, , 6
2021/1/10, 63, , 5
2021/1/11, 63, , 4
2021/1/12, 47, , 9
2021/1/13, 54, , 9
2021/1/14, 60, , 9
2021/1/15, 61, , 10
2021/1/16, 68, , 7
2021/1/17, 65, , 5
2021/1/18, 66, , 10
2021/1/19, 65, , 10
2021/1/20, 74, , 6
2021/1/21, 76, , 10
2021/1/22, 77, , 13
2021/1/23, 75, , 12
2021/1/24, 76, , 7
2021/1/25, 64, , 8
2021/1/26, 56, , 14
2021/1/27, 65, , 12
2021/1/28, 87, , 11
2021/1/29, 76, , 11
2021/1/30, 76, , 10
2021/1/31, 78, , 8
2021/2/1, 80, , 13
2021/2/2, 70, , 8
2021/2/3, 61, , 3
2021/2/4, 56, , 2
2021/2/5, 61, , 5
2021/2/6, 68, , 5
2021/2/7, 71, , 2
2021/2/8, 74, , 3
2021/2/9, 67, , 7
2021/2/10, 69, , 9
2021/2/11, 70, , 8
2021/2/12, 81, , 11
2021/2/13, 72, , 7
2021/2/14, 82, , 6
2021/2/15, 88, , 11
2021/2/16, 81, , 10
2021/2/17, 87, , 9
2021/2/18, 83, , 4
2021/2/19, 75, , 6
2021/2/20, 67, , 4
2021/2/21, 77, , 2
2021/2/22, 65, , 5
2021/2/23, 69, , 6
2021/2/24, 72, , 3
2021/2/25, 71, , 4
2021/2/26, 70, , 4
2021/2/27, 65, , 4
2021/2/28, 66, , 2
2021/3/1, 64, , 6
2021/3/2, 76, , 6
2021/3/3, 72, , 3
2021/3/4, 95, , 3
2021/3/5, 95, , 5
2021/3/6, 100, , 4
2021/3/7, 118, , 2
2021/3/8, 112, , 4
2021/3/9, 77, , 
2021/3/10, 68, , 
2021/3/11, 85, , 
2021/3/12, 70, , 
2021/3/13, 58, , 
2021/3/14, 78, , 
2021/3/15, 72, , 6
2021/3/16, 78, , 5
2021/3/17, 79, , 5
2021/3/18, 84, , 6
2021/3/19, 66, , 6
2021/3/20, 67, , 4
2021/3/21, 71, , 4
2021/3/22, 76, , 4
2021/3/23, 65, , 4
2021/3/24, 60, , 6
2021/3/25, 65, , 4
2021/3/26, 85, , 8
2021/3/27, 80, , 
2021/3/28, 74, , 
2021/3/29, 57, , 3
2021/3/30, 60, , 2
2021/3/31, 62, , 3
2021/4/1, 64, , 1
2020/10/2, 65, , 16
2020/10/3, 69, , 23
2020/10/4, 100, , 11
2020/10/5, 78, , 14
2020/10/6, 61, , 23
2020/10/7, 74, , 17
2020/10/8, 81, , 15
2020/10/9, 73, , 16
2020/10/10, 66, , 11
2020/10/11, 67, , 10
2020/10/12, 64, , 12
2020/10/13, 69, , 16
2020/10/14, 62, , 15
2020/10/15, 80, , 16
2020/10/16, 69, , 13
2020/10/17, 67, , 17
2020/10/18, 76, , 12
2020/10/19, 83, , 14
2020/10/20, 72, , 12
2020/10/21, 74, , 16
2020/10/22, 69, , 18
2020/10/23, 78, , 19
2020/10/24, 69, , 20
2020/10/25, 74, , 11
2020/10/26, 69, , 18
2020/10/27, 82, , 17
2020/10/28, 71, , 14
2020/10/29, 74, , 16
2020/10/30, 80, , 18
2020/10/31, 88, , 13
2020/11/1, 72, , 6
2020/11/2, 50, , 6
2020/11/3, 49, , 14
2020/11/4, 52, , 15
2020/11/5, 60, , 14
2020/11/6, 60, , 17
2020/11/7, 67, , 16
2020/11/8, 72, , 13
2020/11/9, 67, , 17
2020/11/10, 78, , 15
2020/11/11, 77, , 17
2020/11/12, 70, , 21
2020/11/13, 87, , 12
2020/11/14, 73, , 10
2020/11/15, 55, , 7
2020/11/16, 54, , 12
2020/11/17, 56, , 19
2020/11/18, 68, , 16
2020/11/19, 67, , 11
2020/11/20, 45, , 14
2020/11/21, 55, , 11
2020/11/22, 65, , 10
2020/11/23, 62, , 11
2020/11/24, 58, , 15
2020/11/25, 63, , 14
2020/11/26, 67, , 15
2020/11/27, 58, , 14
2020/11/28, 72, , 19
2020/11/29, 66, , 16
2020/11/30, 77, , 16
2020/12/1, 65, , 16
2020/12/2, 93, , 16
2020/12/3, 81, , 14
2020/12/4, 67, , 13
2020/12/5, 57, , 13
2020/12/6, 62, , 10
2020/12/7, 57, , 15
2020/12/8, 67, , 11
2020/12/9, 76, , 16
2020/12/10, 65, , 14
2020/12/11, 72, , 12
2020/12/12, 67, , 13
2020/12/13, 66, , 11
2020/12/14, 77, , 14
2020/12/15, 83, , 18
2020/12/16, 74, , 13
2020/12/17, 75, , 15
2020/12/18, 73, , 17
2020/12/19, 75, , 17
2020/12/20, 85, , 12
2020/12/21, 82, , 13
2020/12/22, 71, , 13
2020/12/23, 65, , 14
2020/12/24, 74, , 14
2020/12/25, 74, , 8
2020/12/26, 78, , 11
2020/12/27, 54, , 8
2020/12/28, 67, , 15
2020/12/29, 56, , 14
2020/12/30, 58, , 15
2020/12/31, 64, , 11
2021/1/1, 71, , 7
2021/1/2, 74, , 6
2021/1/3, 74, , 9
2021/1/4, 74, , 10
2020/7/2, 65, , 
2020/7/3, 60, , 
2020/7/4, 62, , 15
2020/7/5, 61, , 11
2020/7/6, 58, , 14
2020/7/7, 60, , 14
2020/7/8, 69, , 14
2020/7/9, 58, , 14
2020/7/10, 53, , 14
2020/7/11, 54, , 17
2020/7/12, 62, , 10
2020/7/13, 66, , 12
2020/7/14, 52, , 14
2020/7/15, 52, , 16
2020/7/16, 63, , 15
2020/7/17, 71, , 10
2020/7/18, 72, , 8
2020/7/19, 59, , 5
2020/7/20, 55, , 5
2020/7/21, 47, , 11
2020/7/22, 61, , 15
2020/7/23, 61, , 16
2020/7/24, 61, , 13
2020/7/25, 57, , 
2020/7/28, 42, , 13
2020/7/29, 54, , 11
2020/7/30, 54, , 13
2020/7/31, 66, , 14
2020/8/1, 89, , 9
2020/8/2, 67, , 8
2020/8/3, 62, , 15
2020/8/4, 64, , 11
2020/8/5, 73, , 16
2020/8/6, 75, , 14
2020/8/7, 95, , 8
2020/8/8, 75, , 8
2020/8/9, 60, , 6
2020/8/10, 63, , 11
2020/8/11, 71, , 16
2020/8/12, 84, , 11
2020/8/13, 71, , 13
2020/8/14, 63, , 13
2020/8/15, 72, , 10
2020/8/16, 67, , 5
2020/8/17, 55, , 7
2020/8/18, 49, , 11
2020/8/19, 62, , 10
2020/8/20, 64, , 12
2020/8/21, 53, , 11
2020/8/22, 52, , 13
2020/8/23, 54, , 10
2020/8/24, 66, , 15
2020/8/25, 64, , 14
2020/8/26, 68, , 14
2020/8/27, 68, , 11
2020/8/28, 59, , 11
2020/8/30, 62, , 6
2020/8/31, 57, , 18
2020/9/1, 64, , 21
2020/9/2, 88, , 15
2020/9/3, 71, , 20
2020/9/4, 83, , 19
2020/9/5, 102, , 11
2020/9/6, 61, , 8
2020/9/7, 55, , 11
2020/9/8, 61, , 17
2020/9/9, 64, , 17
2020/9/10, 71, , 16
2020/9/11, 84, , 15
2020/9/12, 64, , 13
2020/9/13, 69, , 7
2020/9/14, 61, , 11
2020/9/15, 67, , 14
2020/9/16, 84, , 15
2020/9/17, 71, , 15
2020/9/18, 84, , 19
2020/9/19, 84, , 16
2020/9/20, 88, , 12
2020/9/21, 79, , 19
2020/9/22, 80, , 16
2020/9/23, 89, , 14
2020/9/24, 71, , 12
2020/9/25, 75, , 14
2020/9/26, 71, , 13
2020/9/27, 66, , 9
2020/9/28, 65, , 12
2020/9/29, 64, , 18
2020/9/30, 72, , 16
2020/10/1, 80, , 14
2020/4/2, 62, , 2
2020/4/3, 38, , 3
2020/4/4, 54, , 2
2020/4/5, 67, , 1
2020/4/6, 56, , 2
2020/4/7, 51, , 3
2020/4/8, 35, , 3
2020/4/9, 47, , 3
2020/4/10, 44, , 2
2020/4/11, 46, , 4
2020/4/12, 42, , 3
2020/4/13, 39, , 5
2020/4/14, 42, , 5
2020/4/15, 53, , 6
2020/4/16, 62, , 4
2020/4/17, 74, , 8
2020/4/18, 98, , 7
2020/4/19, 104, , 3
2020/4/20, 70, , 6
2020/4/21, 64, , 6
2020/4/22, 59, , 8
2020/4/23, 54, , 9
2020/4/24, 53, , 7
2020/4/25, 51, , 6
2020/4/26, 60, , 4
2020/4/27, 66, , 8
2020/4/28, 68, , 5
2020/4/29, 67, , 7
2020/4/30, 63, , 10
2020/5/1, 68, , 8
2020/5/2, 67, , 5
2020/5/3, 65, , 3
2020/5/4, 56, , 5
2020/5/5, 55, , 7
2020/5/6, 54, , 6
2020/5/7, 54, , 7
2020/5/8, 51, , 6
2020/5/9, 52, , 5
2020/5/10, 58, , 3
2020/5/11, 42, , 8
2020/5/12, 57, , 12
2020/5/13, 62, , 13
2020/5/14, 61, , 13
2020/5/15, 62, , 24
2020/5/16, 66, , 16
2020/5/17, 61, , 6
2020/5/18, 53, , 16
2020/5/19, 44, , 19
2020/5/20, 61, , 16
2020/5/21, 75, , 13
2020/5/22, 67, , 21
2020/5/23, 71, , 16
2020/5/24, 90, , 12
2020/5/25, 70, , 10
2020/5/26, 59, , 10
2020/5/27, 53, , 15
2020/5/28, 53, , 14
2020/5/29, 64, , 19
2020/5/30, 60, , 20
2020/5/31, 71, , 10
2020/6/1, 58, , 11
2020/6/2, 51, , 8
2020/6/3, 67, , 11
2020/6/4, 64, , 13
2020/6/5, 72, , 12
2020/6/6, 65, , 12
2020/6/7, 64, , 11
2020/6/8, 70, , 10
2020/6/9, 55, , 13
2020/6/10, 61, , 11
2020/6/11, 65, , 15
2020/6/12, 67, , 16
2020/6/13, 76, , 11
2020/6/14, 61, , 6
2020/6/15, 47, , 8
2020/6/16, 41, , 11
2020/6/17, 67, , 14
2020/6/18, 62, , 14
2020/6/19, 67, , 13
2020/6/20, 76, , 11
2020/6/21, 66, , 6
2020/6/22, 59, , 6
2020/6/23, 42, , 10
2020/6/24, 57, , 11
2020/6/25, 63, , 14
2020/6/26, 45, , 13
2020/6/29, 53, , 9
2020/6/30, 50, , 16
2020/7/1, 65, , 17
2020/1/2, 109, , 10
2020/1/3, 61, , 15
2020/1/4, 58, , 15
2020/1/5, 66, , 11
2020/1/6, 65, , 10
2020/1/7, 61, , 17
2020/1/8, 65, , 15
2020/1/9, 70, , 14
2020/1/10, 73, , 15
2020/1/11, 73, , 15
2020/1/12, 83, , 13
2020/1/13, 82, , 16
2020/1/14, 72, , 14
2020/1/15, 69, , 18
2020/1/16, 75, , 12
2020/1/17, 73, , 16
2020/1/18, 72, , 15
2020/1/19, 67, , 13
2020/1/20, 65, , 21
2020/1/21, 64, , 17
2020/1/22, 85, , 14
2020/1/23, 66, , 16
2020/1/24, 69, , 15
2020/1/25, 72, , 12
2020/1/26, 61, , 11
2020/1/27, 53, , 12
2020/1/28, 68, , 5
2020/1/29, 75, , 7
2020/1/30, 81, , 7
2020/1/31, 84, , 5
2020/2/1, 101, , 6
2020/2/2, 82, , 9
2020/2/3, 72, , 8
2020/2/4, 73, , 6
2020/2/5, 78, , 9
2020/2/6, 91, , 8
2020/2/7, 101, , 9
2020/2/8, 114, , 8
2020/2/9, 132, , 7
2020/2/10, 123, , 8
2020/2/11, 106, , 13
2020/2/12, 111, , 23
2020/2/13, 112, , 22
2020/2/14, 113, , 19
2020/2/15, 118, , 20
2020/2/16, 102, , 15
2020/2/17, 82, , 16
2020/2/18, 69, , 18
2020/2/19, 72, , 23
2020/2/20, 83, , 22
2020/2/21, 87, , 24
2020/2/22, 116, , 27
2020/2/23, 102, , 17
2020/2/24, 88, , 19
2020/2/25, 85, , 20
2020/2/26, 86, , 16
2020/2/27, 91, , 17
2020/2/28, 115, , 17
2020/2/29, 122, , 15
2020/3/1, 122, , 12
2020/3/2, 110, , 20
2020/3/3, 104, , 17
2020/3/4, 107, , 18
2020/3/5, 118, , 18
2020/3/6, 116, , 17
2020/3/7, 134, , 23
2020/3/8, 155, , 17
2020/3/9, 146, , 23
2020/3/10, 141, , 24
2020/3/11, 140, , 24
2020/3/12, 129, , 23
2020/3/13, 129, , 29
2020/3/14, 132, , 27
2020/3/15, 114, , 20
2020/3/16, 144, , 26
2020/3/17, 125, , 30
2020/3/18, 153, , 33
2020/3/19, 153, , 26
2020/3/20, 156, , 26
2020/3/21, 154, , 10
2020/3/22, 114, , 
2020/3/23, 97, , 
2020/3/24, 118, , 24
2020/3/25, 143, , 17
2020/3/26, 142, , 8
2020/3/27, 152, , 3
2020/3/28, 149, , 2
2020/3/29, 133, , 2
2020/3/30, 138, , 5
2020/3/31, 131, , 4
2020/4/1, 105, , 6
2019/10/2, 62, , 
2019/10/3, 61, , 
2019/10/4, 59, , 
2019/10/5, 76, , 
2019/10/6, 69, , 
2019/10/7, 74, , 
2019/10/8, 61, , 
2019/10/9, 57, , 
2019/10/10, 73, , 
2019/10/11, 70, , 
2019/10/12, 78, , 
2019/10/13, 81, , 
2019/10/14, 76, , 
2019/10/15, 59, , 
2019/10/16, 54, , 
2019/10/17, 59, , 
2019/10/18, 63, , 
2019/10/19, 79, , 
2019/10/20, 67, , 
2019/10/21, 64, , 
2019/10/22, 58, , 
2019/10/23, 79, , 
2019/10/24, 68, , 
2019/10/25, 76, , 
2019/10/26, 88, , 
2019/10/27, 89, , 
2019/10/28, 60, , 
2019/10/29, 62, , 
2019/10/30, 72, , 
2019/10/31, 73, , 
2019/11/1, 63, , 
2019/11/2, 72, , 
2019/11/3, 83, , 
2019/11/4, 64, , 
2019/11/5, 74, , 
2019/11/6, 68, , 
2019/11/7, 82, , 
2019/11/8, 65, , 
2019/11/9, 75, , 
2019/11/10, 86, , 
2019/11/11, 87, , 
2019/11/12, 63, , 
2019/11/13, 54, , 
2019/11/14, 70, , 
2019/11/15, 90, , 
2019/11/16, 100, , 
2019/11/17, 67, , 
2019/11/18, 70, , 
2019/11/19, 58, , 
2019/11/20, 72, , 
2019/11/21, 87, , 
2019/11/22, 82, , 
2019/11/23, 76, , 
2019/11/24, 114, , 
2019/11/25, 90, , 
2019/11/26, 72, , 
2019/11/27, 69, , 
2019/11/28, 67, , 
2019/11/29, 70, , 
2019/11/30, 74, , 
2019/12/1, 78, , 
2019/12/2, 71, , 
2019/12/3, 67, , 
2019/12/4, 83, , 
2019/12/5, 85, , 
2019/12/6, 76, , 
2019/12/7, 68, , 
2019/12/8, 72, , 
2019/12/9, 90, , 20
2019/12/10, 66, , 22
2019/12/11, 69, , 22
2019/12/12, 83, , 18
2019/12/13, 86, , 21
2019/12/14, 73, , 21
2019/12/15, 74, , 15
2019/12/16, 66, , 18
2019/12/17, 61, , 20
2019/12/18, 83, , 18
2019/12/19, 89, , 15
2019/12/20, 70, , 16
2019/12/21, 62, , 16
2019/12/22, 68, , 15
2019/12/23, 71, , 16
2019/12/24, 65, , 16
2019/12/25, 64, , 12
2019/12/26, 73, , 15
2019/12/27, 60, , 18
2019/12/28, 59, , 13
2019/12/29, 69, , 13
2019/12/30, 73, , 
2019/8/24, 87, , 
2019/8/25, 80, , 
2019/8/26, 68, , 
2019/8/27, 66, , 
2019/8/28, 74, , 
2019/8/29, 85, , 
2019/8/30, 103, , 
2019/8/31, 86, , 
2019/9/1, 81, , 
2019/9/2, 67, , 
2019/9/3, 59, , 
2019/9/4, 63, , 
2019/9/5, 65, , 
2019/9/6, 65, , 
2019/9/7, 69, , 
2019/9/8, 102, , 
2019/9/9, 79, , 
2019/9/10, 68, , 
2019/9/11, 76, , 
2019/9/12, 74, , 
2019/9/13, 73, , 
2019/9/14, 67, , 
2019/9/15, 68, , 
2019/9/16, 68, , 
2019/9/17, 68, , 
2019/9/18, 61, , 
2019/9/19, 66, , 
2019/9/20, 61, , 
2019/9/21, 61, , 
2019/9/22, 65, , 
2019/9/23, 70, , 
2019/9/24, 60, , 
2019/9/25, 78, , 
2019/9/26, 97, , 
2019/9/27, 70, , 
2019/9/28, 71, , 
2019/9/29, 66, , 
2019/9/30, 62, , 
2019/10/1, 60, , 
2019/1/2, 109, 24, 
2019/1/3, 58, 29, 
2019/1/4, 72, 32, 
2019/1/5, 71, 41, 
2019/1/6, 86, 31, 
2019/1/7, 79, 24, 
2019/1/8, 77, 34, 
2019/1/9, 71, 24, 
2019/1/10, 65, 30, 
2019/1/11, 77, 30, 
2019/1/12, 64, , 
2019/1/14, 63, 37, 
2019/1/15, 54, 40, 
2019/1/16, 9, 35, 
2019/1/19, 71, 29, 
2019/1/20, 68, 25, 
2019/1/21, 76, , 
2019/1/23, 65, 32, 
2019/1/24, 70, , 
2019/1/26, 72, 32, 
2019/1/27, 73, 31, 
2019/1/28, 75, 40, 
2019/1/29, 81, 40, 
2019/1/30, 76, 40, 
2019/1/31, 72, 42, 
2019/2/1, 77, 43, 
2019/2/2, 85, 41, 
2019/2/3, 86, 28, 
2019/2/4, 66, 46, 
2019/2/5, 85, 47, 
2019/2/6, 94, 50, 
2019/2/7, 92, 53, 
2019/2/8, 110, 54, 
2019/2/9, 113, 48, 
2019/2/10, 94, 38, 
2019/2/11, 85, 42, 
2019/2/12, 89, 53, 
2019/2/13, 118, 49, 
2019/2/14, 103, 45, 
2019/2/15, 85, 46, 
2019/2/16, 95, 50, 
2019/2/18, 96, 48, 
2019/2/19, 105, , 
2019/2/20, 112, , 
2019/2/21, 86, 36, 
2019/2/22, 86, 35, 
2019/2/23, 83, 30, 
2019/2/24, 75, 32, 
2019/2/25, 87, 42, 
2019/2/26, 98, 56, 
2019/2/27, 137, 44, 
2019/2/28, 111, 42, 
2019/3/1, 103, 50, 
2019/3/2, 115, , 
2019/3/5, 96, , 
2019/3/7, 104, 52, 
2019/3/8, 103, 47, 
2019/3/9, 95, 35, 
2019/3/10, 89, 33, 
2019/3/11, 77, , 
2019/3/13, 104, 40, 
2019/3/14, 108, 53, 
2019/3/15, 120, , 
2019/3/19, 104, 34, 
2019/3/20, 76, 39, 
2019/3/21, 75, 39, 
2019/3/22, 80, 45, 
2019/3/23, 102, 41, 
2019/3/24, 93, 33, 
2019/3/25, 81, 31, 
2019/3/26, 75, , 
2018/10/2, 63, 29, 
2018/10/3, 61, 32, 
2018/10/4, 84, 42, 
2018/10/5, 91, 30, 
2018/10/6, 80, 22, 
2018/10/7, 59, , 
2018/10/9, 60, 43, 
2018/10/10, 102, 39, 
2018/10/11, 100, 18, 
2018/10/12, 54, , 
2018/10/16, 49, 28, 
2018/10/17, 71, 33, 
2018/10/18, 78, 39, 
2018/10/19, 82, , 
2018/10/22, 59, 29, 
2018/10/23, 56, 31, 
2018/10/24, 68, 30, 
2018/10/25, 69, 30, 
2018/10/26, 66, , 
2018/10/29, 55, 29, 
2018/10/30, 69, 35, 
2018/10/31, 79, 38, 
2018/11/1, 83, 38, 
2018/11/2, 79, , 
2018/11/6, 46, 30, 
2018/11/7, 68, 28, 
2018/11/8, 55, 36, 
2018/11/9, 73, 34, 
2018/11/10, 68, , 
2018/11/13, 68, 37, 
2018/11/14, 83, 33, 
2018/11/15, 81, 37, 
2018/11/16, 102, 32, 
2018/11/18, 72, 23, 
2018/11/19, 60, 31, 
2018/11/20, 74, 32, 
2018/11/21, 81, 34, 
2018/11/22, 85, 40, 
2018/11/23, 95, , 
2018/11/26, 59, 33, 
2018/11/27, 86, 25, 
2018/11/28, 60, 33, 
2018/11/29, 79, 38, 
2018/11/30, 90, , 
2018/12/3, 57, 30, 
2018/12/4, 65, 39, 
2018/12/5, 75, 34, 
2018/12/6, 61, 36, 
2018/12/7, 71, 37, 
2018/12/8, 91, , 
2018/12/10, 68, 36, 
2018/12/11, 80, 37, 
2018/12/12, 76, 32, 
2018/12/13, 65, 39, 
2018/12/14, 79, 42, 
2018/12/15, 78, , 
2018/12/17, 69, , 
2018/12/24, 72, 25, 
2018/12/25, 67, 20, 
2018/12/26, 76, 31, 
2018/12/27, 75, 36, 
2018/12/28, 75, 33, 
2018/12/29, 80, 32, 
2018/12/30, 91, 27, 
2018/12/31, 89, , 
2018/7/2, 86, 14, 
2018/7/3, 50, 22, 
2018/7/4, 58, 26, 
2018/7/5, 53, 21, 
2018/7/6, 59, , 
2018/7/7, 59, , 
2018/7/8, 59, , 
2018/7/9, 56, 30, 
2018/7/10, 58, 31, 
2018/7/11, 67, 26, 
2018/7/12, 67, 22, 
2018/7/13, 54, , 
2018/7/14, 61, , 
2018/7/15, 61, 15, 
2018/7/16, 58, 23, 
2018/7/17, 64, 19, 
2018/7/18, 67, 28, 
2018/7/19, 71, 25, 
2018/7/20, 64, 21, 
2018/7/21, 68, 27, 
2018/7/22, 70, 27, 
2018/7/23, 64, 41, 
2018/7/24, 77, 28, 
2018/7/25, 68, 20, 
2018/7/26, 59, 35, 
2018/7/27, 67, 41, 
2018/7/28, 86, 25, 
2018/7/29, 76, 17, 
2018/7/30, 53, 34, 
2018/7/31, 64, 34, 
2018/8/1, 73, 34, 
2018/8/2, 84, 42, 
2018/8/3, 80, 34, 
2018/8/4, 74, 27, 
2018/8/5, 64, 19, 
2018/8/6, 64, 35, 
2018/8/7, 92, 23, 
2018/8/8, 79, 31, 
2018/8/9, 84, 23, 
2018/8/10, 65, , 
2018/8/11, 76, , 
2018/8/13, 70, 27, 
2018/8/14, 69, , 
2018/8/16, 74, 29, 
2018/8/17, 78, , 
2018/8/21, 58, 33, 
2018/8/22, 73, 29, 
2018/8/23, 57, 34, 
2018/8/24, 70, , 
2018/8/27, 59, , 
2018/8/28, 53, 30, 
2018/8/29, 66, 36, 
2018/8/30, 74, 32, 
2018/8/31, 63, , 
2018/9/3, 46, 35, 
2018/9/4, 63, , 
2018/9/5, 84, 43, 
2018/9/6, 104, 40, 
2018/9/7, 88, , 
2018/9/9, 72, 19, 
2018/9/10, 65, 23, 
2018/9/11, 63, 33, 
2018/9/12, 73, 34, 
2018/9/13, 70, 43, 
2018/9/14, 87, 38, 
2018/9/15, 68, 28, 
2018/9/16, 67, 19, 
2018/9/17, 58, 33, 
2018/9/18, 79, 33, 
2018/9/19, 75, 32, 
2018/9/20, 76, , 
2018/9/24, 60, 30, 
2018/9/25, 79, 30, 
2018/9/26, 68, 37, 
2018/9/27, 77, 24, 
2018/9/28, 59, 44, 
2018/9/29, 99, , 
2018/10/1, 73, 28, 
2018/4/2, 69, , 
2018/4/3, 77, , 
2018/4/4, 99, , 
2018/4/5, 94, , 
2018/4/6, 99, , 
2018/4/7, 78, , 
2018/4/8, 85, , 
2018/4/9, 86, , 
2018/4/10, 100, , 
2018/4/11, 83, , 
2018/4/12, 81, , 
2018/4/13, 63, , 
2018/4/14, 85, , 
2018/4/15, 69, , 
2018/4/16, 76, , 
2018/4/17, 57, , 
2018/4/18, 72, , 
2018/4/19, 71, , 
2018/4/20, 45, , 
2018/4/23, 61, , 
2018/4/24, 57, , 
2018/4/25, 67, , 
2018/4/26, 60, , 
2018/4/27, 60, , 
2018/4/29, 70, , 
2018/4/30, 41, , 
2018/5/1, 64, , 
2018/5/2, 56, , 
2018/5/3, 59, , 
2018/5/4, 65, , 
2018/5/5, 67, , 
2018/5/6, 86, , 
2018/5/7, 71, , 
2018/5/8, 62, , 
2018/5/9, 55, , 
2018/5/10, 59, , 
2018/5/11, 72, , 
2018/5/12, 98, , 
2018/5/15, 57, 29, 
2018/5/17, 86, 35, 
2018/5/18, 78, 31, 
2018/5/19, 70, 26, 
2018/5/20, 62, 15, 
2018/5/21, 55, 29, 
2018/5/22, 59, 42, 
2018/5/23, 91, 40, 
2018/5/24, 72, 40, 
2018/5/25, 72, 37, 
2018/5/26, 63, , 
2018/5/28, 50, 29, 
2018/5/29, 61, 33, 
2018/5/30, 66, 41, 
2018/5/31, 75, 33, 
2018/6/1, 71, , 
2018/6/5, 41, 29, 
2018/6/6, 63, 34, 
2018/6/7, 71, 26, 
2018/6/8, 56, , 
2018/6/10, 71, , 
2018/6/11, 65, 19, 
2018/6/12, 53, 25, 
2018/6/13, 61, 22, 
2018/6/14, 60, 29, 
2018/6/15, 70, 41, 
2018/6/16, 80, , 
2018/6/17, 64, 15, 
2018/6/18, 50, 23, 
2018/6/19, 57, 30, 
2018/6/20, 64, 31, 
2018/6/21, 60, 20, 
2018/6/22, 54, 27, 
2018/6/23, 61, 19, 
2018/6/24, 61, 13, 
2018/6/25, 55, 19, 
2018/6/26, 61, 26, 
2018/6/27, 65, 31, 
2018/6/28, 70, 26, 
2018/6/29, 69, 30, 
2018/6/30, 73, , 
2018/7/1, 81, , 
2018/1/2, 89, , 
2018/1/5, 84, , 
2018/1/12, 52, , 
2018/1/13, 66, , 
2018/1/14, 61, , 
2018/1/15, 61, , 
2018/1/20, 61, , 
2018/1/22, 55, , 
2018/1/23, 91, , 
2018/1/24, 81, , 
2018/1/25, 72, , 
2018/1/26, 108, , 
2018/1/27, 87, , 
2018/1/28, 95, , 
2018/1/29, 74, , 
2018/1/30, 92, , 
2018/1/31, 81, , 
2018/2/1, 80, , 
2018/2/2, 98, , 
2018/2/5, 75, , 
2018/2/6, 83, , 
2018/2/7, 75, , 
2018/2/8, 95, , 
2018/2/9, 83, , 
2018/2/10, 88, , 
2018/2/12, 94, , 
2018/2/13, 89, , 
2018/2/14, 93, , 
2018/2/15, 90, , 
2018/2/16, 85, , 
2018/2/19, 87, , 
2018/2/20, 85, , 
2018/2/21, 107, , 
2018/2/22, 129, , 
2018/2/23, 119, , 
2018/2/24, 108, , 
2018/2/25, 91, , 
2018/2/26, 107, , 
2018/2/27, 106, , 
2018/2/28, 108, , 
2018/3/1, 110, , 
2018/3/2, 96, , 
2018/3/5, 89, , 
2018/3/6, 100, , 
2018/3/7, 128, , 
2018/3/8, 95, , 
2018/3/9, 75, , 
2018/3/12, 69, , 
2018/3/13, 95, , 
2018/3/14, 111, , 
2018/3/15, 95, , 
2018/3/16, 115, , 
2018/3/20, 115, , 
2018/3/21, 130, , 
2018/3/22, 120, , 
2018/3/23, 131, , 
2018/3/24, 127, , 
2018/3/25, 106, , 
2018/3/26, 94, , 
2018/3/27, 110, , 
2018/3/28, 100, , 
2018/3/29, 111, , 
2018/3/30, 92, , 
2018/3/31, 65, , 
2017/10/2, 85, , 
2017/10/3, 69, , 
2017/10/4, 112, , 
2017/10/5, 82, , 
2017/10/6, 68, , 
2017/10/7, 75, , 
2017/10/8, 72, , 
2017/10/9, 85, , 
2017/10/10, 126, , 
2017/10/11, 111, , 
2017/10/12, 90, , 
2017/10/13, 84, , 
2017/10/14, 74, , 
2017/10/15, 66, , 
2017/10/17, 58, , 
2017/10/18, 68, , 
2017/10/19, 81, , 
2017/10/20, 88, , 
2017/10/23, 84, , 
2017/10/24, 87, , 
2017/10/25, 66, , 
2017/10/26, 96, , 
2017/10/27, 92, , 
2017/10/30, 66, , 
2017/10/31, 78, , 
2017/11/1, 102, , 
2017/11/2, 64, , 
2017/11/3, 78, , 
2017/11/5, 75, , 
2017/11/6, 81, , 
2017/11/7, 53, , 
2017/11/9, 92, , 
2017/11/10, 119, , 
2017/11/11, 86, , 
2017/11/13, 54, , 
2017/11/14, 72, , 
2017/11/15, 82, , 
2017/11/16, 58, , 
2017/11/17, 58, , 
2017/11/20, 54, , 
2017/11/21, 75, , 
2017/11/22, 90, , 
2017/11/23, 84, , 
2017/11/24, 62, , 
2017/11/25, 93, , 
2017/11/26, 94, , 
2017/11/27, 59, , 
2017/11/28, 79, , 
2017/11/29, 89, , 
2017/11/30, 98, , 
2017/12/1, 112, , 
2017/12/2, 106, , 
2017/12/4, 72, , 
2017/12/5, 72, , 
2017/12/6, 53, , 
2017/12/7, 73, , 
2017/12/8, 84, , 
2017/12/9, 78, , 
2017/12/10, 82, , 
2017/12/11, 83, , 
2017/12/12, 63, , 
2017/12/13, 55, , 
2017/12/14, 68, , 
2017/12/16, 73, , 
2017/12/17, 73, , 
2017/12/18, 69, , 
2017/12/19, 75, , 
2017/12/20, 72, , 
2017/12/21, 87, , 
2017/12/22, 75, , 
2017/12/27, 61, , 
2017/12/29, 65, , 
2017/7/4, 58, , 
2017/7/5, 52, , 
2017/7/6, 52, , 
2017/7/7, 77, , 
2017/7/10, 50, , 
2017/7/11, 67, , 
2017/7/12, 72, , 
2017/7/13, 75, , 
2017/7/14, 78, , 
2017/7/17, 76, , 
2017/7/18, 88, , 
2017/7/19, 65, , 
2017/7/21, 63, , 
2017/7/22, 73, , 
2017/7/23, 62, , 
2017/7/24, 59, , 
2017/7/25, 71, , 
2017/7/26, 70, , 
2017/7/31, 76, , 
2017/8/4, 79, , 
2017/8/11, 55, , 
2017/8/14, 44, , 
2017/8/16, 52, , 
2017/8/22, 46, , 
2017/8/29, 54, , 
2017/9/12, 62, , 
2017/9/14, 98, , 
2017/9/15, 83, , 
2017/9/16, 75, , 
2017/9/18, 61, , 
2017/9/19, 90, , 
2017/9/20, 102, , 
2017/9/21, 107, , 
2017/9/25, 86, , 
2017/9/26, 76, , 
2017/9/27, 96, , 
2017/9/28, 83, , 
2017/9/29, 76, , 
2017/4/3, 71, , 
2017/4/4, 129, , 
2017/4/5, 92, , 
2017/4/6, 112, , 
2017/4/7, 121, , 
2017/4/8, 104, , 
2017/4/17, 62, , 
2017/4/18, 82, , 
2017/4/19, 102, , 
2017/4/20, 75, , 
2017/4/21, 87, , 
2017/4/22, 100, , 
2017/4/23, 88, , 
2017/4/24, 81, , 
2017/4/25, 70, , 
2017/4/26, 75, , 
2017/4/27, 71, , 
2017/4/28, 90, , 
2017/4/29, 61, , 
2017/5/2, 84, , 
2017/5/3, 79, , 
2017/5/4, 111, , 
2017/5/5, 95, , 
2017/5/6, 102, , 
2017/5/8, 75, , 
2017/5/9, 75, , 
2017/5/10, 83, , 
2017/5/11, 84, , 
2017/5/12, 84, , 
2017/5/13, 80, , 
2017/5/18, 50, , 
2017/5/19, 64, , 
2017/5/20, 49, , 
2017/5/21, 57, , 
2017/5/22, 49, , 
2017/5/23, 70, , 
2017/5/24, 63, , 
2017/5/25, 62, , 
2017/5/26, 77, , 
2017/5/27, 117, , 
2017/5/29, 68, , 
2017/5/30, 67, , 
2017/5/31, 65, , 
2017/6/1, 73, , 
2017/6/2, 75, , 
2017/6/3, 70, , 
2017/6/4, 107, , 
2017/6/5, 63, , 
2017/6/6, 58, , 
2017/6/7, 71, , 
2017/6/8, 69, , 
2017/6/9, 58, , 
2017/6/10, 78, , 
2017/6/11, 68, , 
2017/6/12, 60, , 
2017/6/13, 56, , 
2017/6/14, 62, , 
2017/6/15, 85, , 
2017/6/16, 53, , 
2017/6/17, 78, , 
2017/6/18, 60, , 
2017/6/19, 67, , 
2017/6/20, 44, , 
2017/6/21, 60, , 
2017/6/22, 76, , 
2017/6/23, 58, , 
2017/6/24, 63, , 
2017/6/25, 71, , 
2017/6/26, 77, , 
2017/6/27, 66, , 
2017/6/28, 68, , 
2017/6/29, 61, , 
2017/6/30, 73, , 
2017/7/1, 87, , 
2017/1/3, 53, , 
2017/1/4, 62, , 
2017/1/9, 60, , 
2017/1/14, 78, , 
2017/1/16, 64, , 
2017/1/17, 59, , 
2017/1/18, 70, , 
2017/1/20, 107, , 
2017/1/23, 64, , 
2017/1/24, 69, , 
2017/1/25, 82, , 
2017/1/26, 73, , 
2017/1/27, 78, , 
2017/1/29, 71, , 
2017/1/30, 61, , 
2017/1/31, 59, , 
2017/2/1, 75, , 
2017/2/2, 77, , 
2017/2/3, 85, , 
2017/2/6, 69, , 
2017/2/7, 79, , 
2017/2/8, 94, , 
2017/2/9, 93, , 
2017/2/10, 109, , 
2017/2/13, 71, , 
2017/2/14, 71, , 
2017/2/15, 76, , 
2017/2/16, 86, , 
2017/2/17, 82, , 
2017/2/18, 70, , 
2017/2/20, 71, , 
2017/2/21, 103, , 
2017/2/22, 105, , 
2017/2/23, 86, , 
2017/2/24, 75, , 
2017/2/25, 98, , 
2017/2/26, 103, , 
2017/2/27, 110, , 
2017/2/28, 110, , 
2017/3/1, 101, , 
2017/3/3, 109, , 
2017/3/4, 100, , 
2017/3/5, 75, , 
2017/3/6, 75, , 
2017/3/7, 86, , 
2017/3/8, 97, , 
2017/3/9, 97, , 
2017/3/10, 94, , 
2017/3/11, 107, , 
2017/3/12, 111, , 
2017/3/13, 72, , 
2017/3/14, 99, , 
2017/3/15, 109, , 
2017/3/16, 71, , 
2017/3/17, 92, , 
2017/3/19, 133, , 
2017/3/21, 95, , 
2017/3/22, 92, , 
2017/3/23, 150, , 
2017/3/26, 101, , 
2017/3/27, 68, , 
2017/3/28, 63, , 
2017/3/29, 92, , 
2017/3/30, 69, , 
2017/3/31, 80, , 
2017/4/1, 74, , 
2016/10/9, 72, , 
2016/10/10, 61, , 
2016/10/11, 70, , 
2016/10/12, 70, , 
2016/10/13, 78, , 
2016/10/14, 87, , 
2016/10/15, 67, , 
2016/10/16, 68, , 
2016/10/17, 63, , 
2016/10/18, 73, , 
2016/10/19, 75, , 
2016/10/20, 107, , 
2016/10/21, 81, , 
2016/10/24, 73, , 
2016/10/25, 103, , 
2016/10/26, 79, , 
2016/10/27, 66, , 
2016/10/28, 54, , 
2016/10/31, 51, , 
2016/11/1, 75, , 
2016/11/2, 71, , 
2016/11/3, 79, , 
2016/11/4, 53, , 
2016/11/5, 70, , 
2016/11/6, 97, , 
2016/11/8, 66, , 
2016/11/9, 78, , 
2016/11/10, 61, , 
2016/11/11, 62, , 
2016/11/15, 83, , 
2016/11/16, 58, , 
2016/11/17, 75, , 
2016/11/18, 63, , 
2016/11/21, 47, , 
2016/11/22, 59, , 
2016/11/23, 78, , 
2016/11/24, 70, , 
2016/11/25, 87, , 
2016/11/26, 98, , 
2016/11/28, 83, , 
2016/11/29, 93, , 
2016/11/30, 79, , 
2016/12/1, 69, , 
2016/12/2, 59, , 
2016/12/3, 89, , 
2016/12/5, 67, , 
2016/12/6, 79, , 
2016/12/7, 88, , 
2016/12/12, 56, , 
2016/12/13, 64, , 
2016/12/14, 67, , 
2016/12/15, 66, , 
2016/12/16, 73, , 
2016/12/17, 88, , 
2016/12/18, 77, , 
2016/12/19, 64, , 
2016/12/22, 79, , 
2016/12/24, 72, , 
2016/12/26, 109, , 
2016/12/27, 89, , 
2016/12/28, 76, , 
2016/12/29, 60, , 
2016/12/30, 62, , 
2016/12/31, 75, , 
2017/1/2, 118, , 
2016/4/20, 165, , 
2016/4/21, 161, , 
2016/4/22, 154, , 
2016/4/23, 147, , 
2016/4/24, 155, , 
2016/4/25, 150, , 
2016/4/26, 142, , 
2016/4/27, 157, , 
2016/4/28, 183, , 
2016/4/29, 170, , 
2016/4/30, 165, , 
2016/5/1, 178, , 
2016/5/2, 170, , 
2016/5/3, 158, , 
2016/5/4, 164, , 
2016/5/5, 163, , 
2016/1/5, 151, , 
2016/1/6, 159, , 
2016/1/7, 162, , 
2016/1/8, 168, , 
2016/1/9, 159, , 
2016/1/10, 151, , 
2016/1/11, 151, , 
2016/1/12, 149, , 
2016/1/13, 161, , 
2016/1/14, 160, , 
2016/1/15, 158, , 
2016/1/16, 163, , 
2016/1/17, 165, , 
2016/1/18, 160, , 
2016/1/19, 160, , 
2016/1/20, 163, , 
2016/1/21, 166, , 
2016/1/22, 172, , 
2016/1/23, 171, , 
2016/1/24, 180, , 
2016/1/25, 160, , 
2016/1/26, 156, , 
2016/1/27, 168, , 
2016/1/28, 172, , 
2016/1/29, 179, , 
2015/10/2, 171, , 
2015/10/3, 165, , 
2015/10/4, 156, , 
2015/10/6, 151, , 
2015/10/7, 162, , 
2015/10/8, 160, , 
2015/10/10, 156, , 
2015/10/11, 155, , 
2015/10/12, 156, , 
2015/10/13, 155, , 
2015/10/14, 143, , 
2015/10/15, 156, , 
2015/10/16, 161, , 
2015/10/17, 164, , 
2015/10/20, 153, , 
2015/10/21, 159, , 
2015/10/22, 172, , 
2015/10/23, 162, , 
2015/10/24, 159, , 
2015/10/31, 165, , 
2015/11/1, 158, , 
2015/11/2, 164, , 
2015/11/3, 152, , 
2015/11/4, 154, , 
2015/11/5, 160, , 
2015/11/6, 161, , 
2015/11/7, 158, , 
2015/11/8, 162, , 
2015/11/9, 166, , 
2015/11/10, 159, , 
2015/11/11, 155, , 
2015/11/12, 157, , 
2015/11/13, 166, , 
2015/11/14, 156, , 
2015/11/15, 156, , 
2015/11/16, 155, , 
2015/11/17, 155, , 
2015/11/18, 165, , 
2015/11/19, 160, , 
2015/11/20, 157, , 
2015/11/21, 169, , 
2015/11/22, 165, , 
2015/11/23, 155, , 
2015/11/24, 152, , 
2015/11/25, 158, , 
2015/11/26, 169, , 
2015/11/29, 158, , 
2015/11/30, 160, , 
2015/12/1, 156, , 
2015/12/2, 160, , 
2015/12/3, 154, , 
2015/12/4, 164, , 
2015/12/5, 157, , 
2015/12/6, 159, , 
2015/12/7, 155, , 
2015/12/8, 161, , 
2015/12/9, 161, , 
2015/12/10, 168, , 
2015/12/11, 165, , 
2015/12/12, 161, , 
2015/12/13, 167, , 
2015/12/14, 160, , 
2015/12/15, 164, , 
2015/12/16, 162, , 
2015/12/17, 161, , 
2015/12/18, 164, , 
2015/12/19, 158, , 
2015/12/20, 168, , 
2015/12/21, 153, , 
2015/12/22, 156, , 
2015/12/23, 156, , 
2015/12/24, 157, , 
2015/8/12, 139, , 
2015/8/13, 158, , 
2015/8/14, 156, , 
2015/8/15, 158, , 
2015/8/16, 152, , 
2015/8/17, 140, , 
2015/8/18, 131, , 
2015/8/19, 147, , 
2015/8/20, 156, , 
2015/8/21, 159, , 
2015/8/22, 156, , 
2015/8/23, 161, , 
2015/8/24, 157, , 
2015/8/25, 155, , 
2015/8/26, 160, , 
2015/8/27, 159, , 
2015/8/28, 158, , 
2015/8/29, 154, , 
2015/8/30, 154, , 
2015/8/31, 170, , 
2015/9/1, 168, , 
2015/9/2, 159, , 
2015/9/3, 161, , 
2015/9/4, 163, , 
2015/9/5, 158, , 
2015/9/6, 158, , 
2015/9/7, 152, , 
2015/9/8, 153, , 
2015/9/10, 154, , 
2015/9/11, 155, , 
2015/9/12, 158, , 
2015/9/13, 161, , 
2015/9/14, 162, , 
2015/9/15, 160, , 
2015/9/16, 159, , 
2015/9/17, 161, , 
2015/9/18, 160, , 
2015/9/24, 157, , 
2015/9/25, 158, , 
2015/9/26, 156, , 
2015/9/30, 162, , 
2015/10/1, 158, , 
2015/6/2, 155, , 
2015/6/3, 163, , 
2015/6/5, 157, , 
2015/6/6, 158, , 
2015/6/7, 162, , 
2015/6/8, 155, , 
2015/6/9, 146, , 
2015/6/10, 149, , 
2015/6/11, 155, , 
2015/6/12, 152, , 
2015/6/13, 163, , 
2015/6/14, 155, , 
2015/6/15, 149, , 
2015/6/16, 137, , 
2015/6/17, 151, , 
2015/6/18, 159, , 
2015/6/19, 158, , 
2015/6/20, 148, , 
2015/6/21, 156, , 
2015/6/22, 137, , 
2015/6/23, 102, , 
2015/6/24, 154, , 
2015/6/25, 135, , 
2015/6/26, 156, , 
2015/6/27, 144, , 
2015/6/28, 88, , 
2015/6/29, 87, , 
2015/6/30, 110, , 
2015/7/1, 154, , 
2015/7/2, 158, , 
2015/7/3, 162, , 
2015/7/5, 164, , 
2015/7/6, 156, , 
2019/8/23, , 54, 
2019/1/1, , 29, 
2019/1/13, , 23, 
2019/1/17, , 41, 
2019/1/18, , 35, 
2019/1/22, , 30, 
2019/1/25, , 34, 
2019/2/17, , 41, 
2019/3/4, , 40, 
2019/3/6, , 50, 
2019/3/12, , 45, 
2019/3/18, , 44, 
2018/10/8, , 27, 
2018/10/15, , 15, 
2018/10/21, , 21, 
2018/10/28, , 19, 
2018/11/5, , 15, 
2018/11/12, , 21, 
2018/11/17, , 31, 
2018/11/24, , 29, 
2018/11/25, , 16, 
2018/12/2, , 24, 
2018/12/9, , 27, 
2018/12/18, , 40, 
2018/12/19, , 41, 
2018/12/20, , 50, 
2018/12/21, , 33, 
2018/12/22, , 36, 
2018/12/23, , 24, 
2018/8/12, , 23, 
2018/8/15, , 28, 
2018/8/20, , 17, 
2018/8/26, , 18, 
2018/9/2, , 18, 
2018/9/8, , 28, 
2018/9/23, , 21, 
2018/9/30, , 23, 
2018/5/14, , 15, 
2018/5/16, , 34, 
2018/5/27, , 22, 
2018/6/4, , 13, 
2024/9/8, , , 5
2024/9/9, , , 9
2024/9/10, , , 11
2024/9/23, , , 11
2023/7/19, , , 11
2023/7/20, , , 7
2023/7/21, , , 15
2023/9/7, , , 17
2023/9/8, , , 12
2023/9/9, , , 15
2023/5/22, , , 12
2023/5/29, , , 18
2023/5/30, , , 13
2023/6/9, , , 20
2023/6/10, , , 15
2023/6/21, , , 13
2022/8/7, , , 6
2022/8/8, , , 9
2022/8/9, , , 13
2022/6/6, , , 21
2022/1/3, , , 13
2021/12/15, , , 15
2021/7/11, , , 6
2021/7/12, , , 11
2021/7/13, , , 11
2021/9/1, , , 11
2020/7/26, , , 7
2020/7/27, , , 12
2020/8/29, , , 11
2020/6/27, , , 13
2020/6/28, , , 8
2020/1/1, , , 11