date, pm25, pm10, no2, co
2024/10/2, 95, 38, 25, 
2024/10/3, 83, 37, 19, 
2024/10/4, 75, 37, 22, 
2024/10/5, 74, 38, 27, 
2024/10/6, 86, 40, 25, 
2024/10/7, 94, 33, 22, 
2024/10/8, 77, 33, 25, 
2024/10/9, 78, 34, , 
2024/10/10, 78, 32, , 
2024/10/11, 72, 40, , 
2024/10/12, 87, 37, , 
2024/10/13, 78, 23, , 
2024/10/14, 58, 21, , 
2024/10/15, 57, 31, , 
2024/10/16, 76, 36, 33, 
2024/10/17, 84, 42, 25, 
2024/10/18, 91, 42, 20, 
2024/10/19, 90, 34, 29, 
2024/10/20, 79, 30, 17, 
2024/10/21, 77, 30, 24, 
2024/10/22, 76, 40, , 
2024/10/23, 92, 37, , 
2024/10/24, 81, 36, , 
2024/10/25, 79, 38, , 
2024/10/26, 85, , , 
2024/7/2, 68, , , 
2024/7/3, 73, 39, , 
2024/7/4, 78, 37, , 
2024/7/5, 74, 34, , 
2024/7/6, 71, 38, , 
2024/7/7, 76, 37, , 
2024/7/8, 67, 31, , 
2024/7/9, 63, , , 
2024/7/10, 65, 37, , 
2024/7/11, 69, 42, , 
2024/7/12, 73, 47, , 
2024/7/13, 83, 50, , 
2024/7/14, 88, 40, , 
2024/7/15, 69, , , 
2024/7/16, 58, 39, , 
2024/7/17, 67, 40, , 
2024/7/18, 74, 41, , 
2024/7/19, 70, , , 
2024/7/20, 81, , , 
2024/7/21, 80, , , 
2024/7/22, 61, , , 
2024/7/23, 61, 40, , 
2024/7/24, 69, , , 
2024/7/25, 81, , , 
2024/7/26, 85, 50, , 
2024/7/27, 83, 41, , 
2024/7/28, 79, 34, , 
2024/7/29, 69, 34, , 
2024/7/30, 70, 40, , 
2024/7/31, 76, 41, , 
2024/8/1, 79, 42, , 
2024/8/2, 76, 43, , 
2024/8/3, 77, 39, , 
2024/8/4, 76, 37, , 
2024/8/5, 75, 34, , 
2024/8/6, 69, 36, , 
2024/8/7, 77, 34, , 
2024/8/8, 79, 41, , 
2024/8/9, 82, 46, , 
2024/8/10, 85, 42, , 
2024/8/11, 82, 31, , 
2024/8/12, 71, 39, , 
2024/8/13, 82, 36, , 
2024/8/14, 72, 37, , 
2024/8/15, 76, 45, , 
2024/8/16, 86, 46, , 
2024/8/17, 95, 37, , 
2024/8/18, 80, 36, , 
2024/8/19, 80, 30, , 
2024/8/20, 72, 38, , 
2024/8/21, 78, 48, , 
2024/8/22, 90, 43, , 
2024/8/23, 82, 37, , 
2024/8/24, 76, 36, , 
2024/8/25, 75, 30, , 
2024/8/26, 72, 34, , 
2024/8/27, 77, 46, , 
2024/8/28, 94, 42, , 
2024/8/29, 89, 36, , 
2024/8/30, 78, 46, , 
2024/8/31, 90, 53, , 
2024/9/1, 106, 40, , 
2024/9/2, 89, 34, , 
2024/9/3, 82, 47, , 
2024/9/4, 109, 42, , 
2024/9/5, 89, 38, , 
2024/9/6, 79, 32, , 
2024/9/7, 90, 38, , 
2024/9/8, 87, 37, , 
2024/9/9, 85, 39, , 
2024/9/10, 88, 41, , 
2024/9/11, 86, 41, , 
2024/9/12, 92, 41, , 
2024/9/13, 88, 36, , 
2024/9/14, 79, 38, , 
2024/9/15, 85, 34, , 
2024/9/16, 83, 31, , 
2024/9/17, 67, 38, , 
2024/9/18, 79, 40, 25, 
2024/9/19, 86, , , 
2024/9/20, 86, 41, , 
2024/9/21, 88, , , 
2024/9/24, 69, 35, 18, 
2024/9/25, 74, 35, , 
2024/9/26, 77, 35, , 
2024/9/27, 76, 41, , 
2024/9/28, 89, 54, , 
2024/9/29, 112, 30, , 
2024/9/30, 71, 32, 41, 
2024/10/1, 74, 47, 27, 
2024/4/2, 127, 53, , 
2024/4/3, 120, 47, , 
2024/4/4, 103, 48, , 
2024/4/5, 107, 42, , 
2024/4/6, 99, 42, , 
2024/4/7, 92, 40, , 
2024/4/8, 87, 35, , 
2024/4/9, 79, 49, , 
2024/4/10, 99, 55, , 
2024/4/11, 111, 53, , 
2024/4/12, 112, 58, , 
2024/4/13, 128, 59, , 
2024/4/14, 134, 59, , 
2024/4/15, 142, 58, , 
2024/4/16, 137, 58, , 
2024/4/17, 128, 59, , 
2024/4/18, 130, 53, , 
2024/4/19, 108, 52, , 
2024/4/20, 110, 43, , 
2024/4/21, 90, 33, , 
2024/4/22, 77, 36, , 
2024/4/23, 82, 46, , 
2024/4/24, 103, 47, , 
2024/4/25, 96, 40, , 
2024/4/26, 79, 36, , 
2024/4/27, 79, 49, , 
2024/4/28, 107, 38, , 
2024/4/29, 94, 27, , 
2024/4/30, 68, 33, , 
2024/5/1, 71, 35, , 
2024/5/2, 77, 35, , 
2024/5/3, 78, 53, , 
2024/5/4, 102, 40, , 
2024/5/5, 81, 30, , 
2024/5/6, 71, 33, , 
2024/5/7, 68, 38, , 
2024/5/8, 70, 36, , 
2024/5/9, 74, 32, , 
2024/5/10, 69, 45, , 
2024/5/11, 94, 52, , 
2024/5/12, 105, 43, , 
2024/5/13, 85, 35, , 
2024/5/14, 74, 33, , 
2024/5/15, 69, 37, , 
2024/5/16, 76, 37, , 
2024/5/17, 81, 44, , 
2024/5/18, 92, , , 
2024/5/19, 79, 37, , 
2024/5/20, 69, 38, , 
2024/5/21, 73, 44, , 
2024/5/22, 80, 47, , 
2024/5/23, 81, , , 
2024/5/24, 87, 37, , 
2024/5/25, 76, 47, , 
2024/5/26, 85, 44, , 
2024/5/27, 76, 29, , 
2024/5/28, 64, 40, , 
2024/5/29, 81, 37, , 
2024/5/30, 70, 39, 22, 
2024/5/31, 76, 37, 19, 
2024/6/1, 78, 39, 13, 
2024/6/2, 73, 31, 9, 
2024/6/3, 61, 23, 11, 
2024/6/4, 57, 27, , 
2024/6/5, 67, 43, , 
2024/6/6, 84, 42, , 
2024/6/7, 73, , , 
2024/6/8, 77, 31, , 
2024/6/9, 70, 27, , 
2024/6/10, 57, , , 
2024/6/11, 71, , , 
2024/6/12, 75, , , 
2024/6/13, 68, 35, , 
2024/6/14, 71, 40, , 
2024/6/15, 86, 37, , 
2024/6/16, 74, 20, , 
2024/6/17, 61, 26, , 
2024/6/18, 60, 33, , 
2024/6/19, 68, 42, , 
2024/6/20, 83, 42, , 
2024/6/21, 78, 33, , 
2024/6/22, 66, 37, , 
2024/6/23, 73, 29, , 
2024/6/24, 66, 36, , 
2024/6/25, 66, , , 
2024/6/26, 70, , , 
2024/6/27, 70, 37, , 
2024/6/28, 82, 35, , 
2024/6/29, 86, 38, , 
2024/6/30, 81, , , 
2024/7/1, 80, , , 
2024/1/2, 97, 32, , 
2024/1/3, 80, 35, , 
2024/1/4, 73, 39, , 
2024/1/5, 81, 40, , 
2024/1/6, 87, 44, , 
2024/1/7, 90, 37, , 
2024/1/8, 80, 33, , 
2024/1/9, 77, 41, , 
2024/1/10, 88, 50, , 
2024/1/11, 98, 50, , 
2024/1/12, 99, 51, , 
2024/1/13, 102, , , 
2024/1/21, 84, 43, , 
2024/1/22, 81, 38, , 
2024/1/23, 69, 47, , 
2024/1/31, 100, 53, , 
2024/2/1, 97, 51, , 
2024/2/2, 102, 54, , 
2024/2/3, 113, 47, , 
2024/2/4, 94, 38, , 
2024/2/5, 76, 39, , 
2024/2/6, 84, 39, , 
2024/2/7, 83, 40, , 
2024/2/8, 77, 33, , 
2024/2/9, 66, 37, , 
2024/2/10, 69, 34, , 
2024/2/11, 71, 28, , 
2024/2/12, 65, 30, , 
2024/2/13, 67, 46, , 
2024/2/14, 92, 50, , 
2024/2/15, 98, 50, 19, 
2024/2/16, 91, 45, , 
2024/2/17, 88, 42, , 
2024/2/18, 82, 36, , 
2024/2/19, 74, 39, , 
2024/2/21, 97, 55, , 
2024/2/22, 113, 48, , 
2024/2/23, 91, 45, , 
2024/2/24, 87, 46, , 
2024/2/25, 86, 42, , 
2024/2/26, 92, 46, , 
2024/2/27, 98, 53, , 
2024/2/28, 114, 57, , 
2024/2/29, 127, 59, , 
2024/3/1, 137, 60, , 
2024/3/2, 142, 59, , 
2024/3/3, 137, 51, , 
2024/3/4, 116, 49, , 
2024/3/5, 117, 60, , 
2024/3/6, 149, 61, , 
2024/3/7, 149, 60, , 
2024/3/8, 147, 55, , 
2024/3/9, 129, 55, , 
2024/3/10, 125, 48, , 
2024/3/11, 110, 45, , 
2024/3/12, 104, 50, , 
2024/3/13, 110, 51, , 
2024/3/14, 107, 48, , 
2024/3/15, 101, 49, , 
2024/3/16, 104, 53, , 
2024/3/17, 119, 51, , 
2024/3/18, 116, 48, , 
2024/3/19, 106, 45, , 
2024/3/20, 91, 53, , 
2024/3/21, 112, 55, , 
2024/3/22, 118, 56, , 
2024/3/23, 113, 58, , 
2024/3/24, 122, 58, , 
2024/3/25, 127, 49, , 
2024/3/26, 99, 48, , 
2024/3/27, 98, 56, , 
2024/3/28, 126, 56, , 
2024/3/29, 131, 46, , 
2024/3/30, 108, 50, , 
2024/3/31, 123, 52, , 
2024/4/1, 137, 51, , 
2023/10/2, 61, 31, , 
2023/10/3, 56, 40, , 
2023/10/4, 66, 47, , 
2023/10/5, 79, 51, , 
2023/10/6, 91, 52, , 
2023/10/7, 98, 45, , 
2023/10/8, 81, 31, , 
2023/10/9, 64, 42, , 
2023/10/10, 78, 43, , 
2023/10/11, 72, 43, , 
2023/10/12, 72, 49, , 
2023/10/13, 83, 44, , 
2023/10/14, 74, 46, , 
2023/10/15, 78, 41, , 
2023/10/16, 80, 30, , 
2023/10/17, 61, 36, , 
2023/10/18, 65, 50, , 
2023/10/19, 87, 45, , 
2023/10/20, 77, 48, , 
2023/10/21, 82, 50, , 
2023/10/22, 83, 50, , 
2023/10/23, 96, 40, , 
2023/10/24, 81, 40, , 
2023/10/25, 73, 53, , 
2023/10/26, 95, 59, , 
2023/10/27, 114, 42, , 
2023/10/28, 75, 31, , 
2023/10/29, 53, 26, , 
2023/10/30, 49, 31, , 
2023/10/31, 59, 37, , 
2023/11/1, 64, 39, , 
2023/11/2, 74, 40, , 
2023/11/3, 70, 39, , 
2023/11/4, 73, 37, , 
2023/11/5, 67, 39, , 
2023/11/6, 69, 31, , 
2023/11/7, 61, 30, , 
2023/11/8, 65, 50, , 
2023/11/9, 79, 51, , 
2023/11/10, 87, 46, , 
2023/11/11, 73, 47, , 
2023/11/12, 68, 36, , 
2023/11/13, 60, 32, , 
2023/11/14, 55, 34, , 
2023/11/15, 55, 38, , 
2023/11/16, 59, 39, , 
2023/11/17, 63, 50, , 
2023/11/18, 78, 42, , 
2023/11/19, 70, 33, , 
2023/11/20, 67, 34, , 
2023/11/21, 68, 38, , 
2023/11/22, 63, 38, , 
2023/11/23, 61, 41, , 
2023/11/24, 63, 42, , 
2023/11/25, 63, 43, , 
2023/11/26, 68, 37, , 
2023/11/27, 60, 29, , 
2023/11/28, 50, 37, , 
2023/11/29, 59, 42, , 
2023/11/30, 62, 40, , 
2023/12/1, 57, 48, , 
2023/12/2, 73, 42, , 
2023/12/3, 67, 41, , 
2023/12/4, 69, 41, , 
2023/12/5, 68, 46, , 
2023/12/6, 70, 50, , 
2023/12/7, 72, 51, , 
2023/12/8, 79, 48, , 
2023/12/13, 67, 42, , 
2023/12/14, 74, 48, , 
2023/12/15, 86, 52, , 
2023/12/16, 94, 52, , 
2023/12/17, 106, 43, , 
2023/12/18, 93, 37, , 
2023/12/19, 79, 40, , 
2023/12/20, 82, 40, , 
2023/12/21, 80, 42, , 
2023/12/22, 83, 45, , 
2023/12/23, 88, 48, , 
2023/12/24, 93, 43, , 
2023/12/25, 92, 39, , 
2023/12/26, 93, 33, , 
2023/12/27, 80, 42, , 
2023/12/28, 86, 42, , 
2023/12/29, 90, 39, , 
2023/12/30, 91, 39, , 
2023/12/31, 87, 34, , 
2024/1/1, 77, 39, , 
2023/7/2, 59, 31, , 
2023/7/3, 54, 28, , 
2023/7/4, 55, 34, , 
2023/7/5, 64, 41, , 
2023/7/6, 69, 37, , 
2023/7/7, 64, 39, , 
2023/7/8, 72, 42, , 
2023/7/9, 76, 34, , 
2023/7/10, 62, 28, , 
2023/7/11, 53, 36, , 
2023/7/12, 63, 36, , 
2023/7/13, 63, 35, , 
2023/7/14, 63, 36, , 
2023/7/15, 63, 37, , 
2023/7/16, 67, 30, , 
2023/7/17, 56, 26, , 
2023/7/18, 49, 33, , 
2023/7/19, 60, 36, , 
2023/7/20, 61, 34, , 
2023/7/21, 60, 33, , 
2023/7/22, 61, 43, , 
2023/7/23, 66, 35, , 
2023/7/27, 86, 50, , 
2023/7/28, 96, 49, , 
2023/7/29, 89, 37, , 
2023/7/30, 71, 29, , 
2023/7/31, 60, 28, , 
2023/8/1, 58, 37, , 
2023/8/2, 70, 40, , 
2023/8/3, 70, 39, , 
2023/8/4, 70, 44, , 
2023/8/5, 76, 48, , 
2023/8/6, 78, 38, , 
2023/8/7, 70, 30, , 
2023/8/8, 60, 34, , 
2023/8/9, 67, 42, , 
2023/8/10, 80, 45, , 
2023/8/11, 82, 38, , 
2023/8/12, 65, 35, , 
2023/8/13, 64, 31, , 
2023/8/14, 59, 30, , 
2023/8/15, 58, 32, , 
2023/8/16, 62, 36, , 
2023/8/17, 67, 39, , 
2023/8/18, 69, 39, , 
2023/8/19, 70, 48, , 
2023/8/20, 81, 38, , 
2023/8/21, 66, 31, , 
2023/8/22, 62, 28, , 
2023/8/23, 59, 41, , 
2023/8/24, 76, 45, , 
2023/8/25, 76, 39, , 
2023/8/26, 68, 39, , 
2023/8/27, 69, 36, , 
2023/8/28, 69, 33, , 
2023/8/29, 66, 39, , 
2023/8/30, 67, 41, , 
2023/8/31, 72, 45, , 
2023/9/1, 74, 50, , 
2023/9/2, 89, 50, , 
2023/9/3, 84, 47, , 
2023/9/4, 77, 32, , 
2023/9/5, 61, 37, , 
2023/9/6, 59, 38, , 
2023/9/7, 61, 42, , 
2023/9/8, 67, 47, , 
2023/9/9, 76, 46, , 
2023/9/10, 79, 37, , 
2023/9/11, 70, 30, , 
2023/9/12, 58, 36, , 
2023/9/13, 60, 41, , 
2023/9/14, 67, 46, , 
2023/9/15, 72, 42, , 
2023/9/16, 73, 42, , 
2023/9/17, 70, 36, , 
2023/9/18, 67, 38, , 
2023/9/19, 72, 42, , 
2023/9/20, 73, 45, , 
2023/9/21, 72, 48, , 
2023/9/22, 73, 48, , 
2023/9/23, 75, 43, , 
2023/9/24, 73, 39, , 
2023/9/25, 72, 41, , 
2023/9/26, 70, 47, , 
2023/9/27, 81, 46, , 
2023/9/28, 77, 44, , 
2023/9/29, 71, 40, , 
2023/9/30, 67, 44, , 
2023/10/1, 72, 31, , 
2023/4/2, 97, 39, , 
2023/4/3, 80, 34, , 
2023/4/4, 68, 40, , 
2023/4/5, 68, 55, , 
2023/4/6, 97, 48, , 
2023/4/7, 84, 26, , 
2023/4/8, 57, 27, , 
2023/4/9, 54, 30, , 
2023/4/10, 57, 35, , 
2023/4/11, 65, 40, , 
2023/4/12, 66, 41, , 
2023/4/13, 72, 43, , 
2023/4/14, 79, 48, , 
2023/4/15, 83, 55, , 
2023/4/16, 102, 43, , 
2023/4/17, 81, 35, , 
2023/4/18, 68, 42, , 
2023/4/19, 73, 45, , 
2023/4/20, 76, 45, , 
2023/4/21, 79, 44, , 
2023/4/22, 81, 39, , 
2023/4/23, 73, 36, , 
2023/4/24, 70, 32, , 
2023/4/25, 64, 40, , 
2023/4/26, 67, 42, , 
2023/4/27, 70, 50, , 
2023/4/28, 83, 43, , 
2023/4/29, 75, 41, , 
2023/4/30, 72, 35, , 
2023/5/1, 74, 29, , 
2023/5/2, 66, 29, , 
2023/5/3, 60, 42, , 
2023/5/4, 72, 46, , 
2023/5/5, 73, 46, , 
2023/5/6, 74, 47, , 
2023/5/7, 83, 46, , 
2023/5/8, 81, 35, , 
2023/5/9, 69, 43, , 
2023/5/10, 74, 49, , 
2023/5/11, 80, 45, , 
2023/5/12, 76, 49, , 
2023/5/13, 82, 49, , 
2023/5/14, 79, 38, , 
2023/5/15, 68, 33, , 
2023/5/16, 65, 48, , 
2023/5/17, 82, 40, , 
2023/5/18, 73, 45, , 
2023/5/19, 76, 41, , 
2023/5/20, 66, 41, , 
2023/5/21, 73, 36, , 
2023/5/22, 77, 42, , 
2023/5/23, 80, 30, , 
2023/5/24, 64, 40, , 
2023/5/25, 76, 46, , 
2023/5/26, 80, , , 
2023/5/31, 77, 42, , 
2023/6/1, 78, 40, , 
2023/6/2, 74, 42, , 
2023/6/3, 75, 45, , 
2023/6/4, 74, 48, , 
2023/6/5, 82, 36, , 
2023/6/6, 65, 36, , 
2023/6/7, 63, 42, , 
2023/6/8, 68, 40, , 
2023/6/9, 68, 45, , 
2023/6/10, 82, 40, , 
2023/6/11, 68, 29, , 
2023/6/12, 55, 27, , 
2023/6/13, 50, 31, , 
2023/6/14, 54, 35, , 
2023/6/15, 58, 41, , 
2023/6/16, 62, 38, , 
2023/6/17, 60, 37, , 
2023/6/18, 63, 29, , 
2023/6/19, 54, 24, , 
2023/6/20, 42, 27, , 
2023/6/21, 45, 37, , 
2023/6/22, 58, 41, , 
2023/6/23, 66, 40, , 
2023/6/24, 65, 39, , 
2023/6/25, 65, 29, , 
2023/6/26, 60, 30, , 
2023/6/27, 68, 38, , 
2023/6/28, 65, 38, , 
2023/6/29, 58, 40, , 
2023/6/30, 60, 34, , 
2023/7/1, 54, 39, , 
2023/1/3, 73, 32, , 
2023/1/4, 64, 33, , 
2023/1/5, 70, 37, , 
2023/1/6, 68, 36, , 
2023/1/7, 64, 37, , 
2023/1/8, 67, 30, , 
2023/1/9, 63, 36, , 
2023/1/10, 71, 34, , 
2023/1/11, 67, 43, , 
2023/1/12, 70, 43, , 
2023/1/13, 74, 42, , 
2023/1/14, 69, 48, , 
2023/1/15, 80, 37, , 
2023/1/16, 70, 37, , 
2023/1/17, 63, 43, , 
2023/1/18, 71, 49, , 
2023/1/19, 81, 51, , 
2023/1/20, 89, 49, , 
2023/1/21, 81, 44, , 
2023/1/22, 72, 38, , 
2023/1/23, 67, 37, , 
2023/1/24, 68, 39, , 
2023/1/25, 66, 46, , 
2023/1/26, 76, 47, , 
2023/1/27, 77, 48, , 
2023/1/28, 77, 50, , 
2023/1/29, 78, 43, , 
2023/1/30, 73, 43, , 
2023/1/31, 75, 51, , 
2023/2/1, 82, 53, 21, 
2023/2/2, 91, 53, 17, 
2023/2/3, 91, 53, , 
2023/2/4, 98, 54, , 
2023/2/5, 106, 47, , 
2023/2/6, 92, 44, , 
2023/2/7, 85, 49, , 
2023/2/8, 87, 48, , 
2023/2/9, 82, 48, , 
2023/2/10, 79, 49, , 
2023/2/11, 85, 50, , 
2023/2/12, 88, 44, , 
2023/2/13, 86, 38, , 
2023/2/14, 79, 43, 20, 
2023/2/15, 78, , 19, 
2023/2/16, 80, 46, , 
2023/2/17, 83, 48, , 
2023/2/18, 86, 45, , 
2023/2/19, 74, 38, , 
2023/2/20, 69, 33, , 
2023/2/21, 74, 53, , 
2023/2/22, 104, 52, , 
2023/2/23, 96, 57, , 
2023/2/24, 100, 62, , 
2023/2/25, 134, 59, , 
2023/2/26, 122, 54, , 
2023/2/27, 114, 56, , 
2023/2/28, 120, 50, , 
2023/3/1, 102, 47, , 
2023/3/2, 87, 48, , 
2023/3/3, 90, 51, , 
2023/3/4, 97, 47, , 
2023/3/5, 84, 35, , 
2023/3/6, 66, 31, , 
2023/3/7, 65, 40, , 
2023/3/8, 73, 43, , 
2023/3/9, 89, 44, , 
2023/3/10, 87, 47, , 
2023/3/11, 86, 45, , 
2023/3/12, 84, 31, , 
2023/3/13, 69, 28, , 
2023/3/14, 67, 44, , 
2023/3/15, 84, 52, , 
2023/3/16, 90, 53, , 
2023/3/17, 90, 42, , 
2023/3/18, 73, 39, , 
2023/3/19, 69, 36, , 
2023/3/20, 70, 38, , 
2023/3/21, 75, 49, , 
2023/3/22, 97, 56, , 
2023/3/23, 106, 58, , 
2023/3/24, 123, 60, , 
2023/3/25, 122, 51, , 
2023/3/26, 108, 49, , 
2023/3/27, 103, 47, , 
2023/3/28, 99, 48, , 
2023/3/29, 96, 42, , 
2023/3/30, 82, 49, , 
2023/3/31, 99, 45, , 
2023/4/1, 91, 51, , 
2022/10/2, 93, 39, , 
2022/10/3, 80, 29, , 
2022/10/4, 66, 35, , 
2022/10/5, 71, 37, , 
2022/10/6, 75, 37, , 
2022/10/7, 77, 41, , 
2022/10/8, 86, 35, , 
2022/10/9, 79, 34, , 
2022/10/10, 78, 36, , 
2022/10/11, 81, 40, , 
2022/10/12, 81, 47, , 
2022/10/13, 88, 52, , 
2022/10/14, 101, 54, , 
2022/10/15, 106, 48, , 
2022/10/16, 91, 41, , 
2022/10/17, 84, 28, , 
2022/10/18, 62, 33, , 
2022/10/19, 70, 34, , 
2022/10/20, 74, 43, , 
2022/10/21, 88, 54, , 
2022/10/22, 102, 47, , 
2022/10/23, 88, 32, , 
2022/10/24, 73, 37, , 
2022/10/25, 82, 55, , 
2022/10/26, 111, 44, , 
2022/10/27, 83, 39, , 
2022/10/28, 78, 34, , 
2022/10/29, 66, 30, , 
2022/10/30, 70, 30, , 
2022/10/31, 62, 30, , 
2022/11/1, 66, 42, , 
2022/11/2, 84, 45, , 
2022/11/3, 81, 42, , 
2022/11/4, 80, 45, , 
2022/11/5, 85, 38, , 
2022/11/6, 73, 27, , 
2022/11/7, 62, 27, , 
2022/11/8, 66, 31, , 
2022/11/9, 71, 37, , 
2022/11/10, 81, 36, , 
2022/11/11, 76, 37, , 
2022/11/12, 78, 37, , 
2022/11/13, 75, 29, , 
2022/11/14, 70, 22, , 
2022/11/15, 59, 30, , 
2022/11/16, 65, 42, , 
2022/11/20, 94, 42, , 
2022/11/21, 84, 45, , 
2022/11/22, 94, 43, , 
2022/11/23, 81, 36, , 
2022/11/24, 73, 37, , 
2022/11/25, 75, 45, , 
2022/11/26, 81, 48, , 
2022/11/27, 85, 47, , 
2022/11/28, 87, 33, , 
2022/11/29, 73, 50, , 
2022/11/30, 92, 52, , 
2022/12/1, 100, 47, , 
2022/12/2, 80, 45, , 
2022/12/3, 74, 44, , 
2022/12/4, 72, 38, , 
2022/12/5, 71, 32, , 
2022/12/6, 68, 41, , 
2022/12/7, 74, 43, , 
2022/12/8, 75, 39, , 
2022/12/9, 73, 38, , 
2022/12/10, 79, 48, , 
2022/12/11, 87, 49, , 
2022/12/12, 87, 38, , 
2022/12/13, 77, 43, , 
2022/12/14, 79, 43, , 
2022/12/15, 75, 46, , 
2022/12/16, 76, 45, , 
2022/12/17, 76, 50, , 
2022/12/18, 83, 50, , 
2022/12/19, 94, 47, , 
2022/12/20, 88, , , 
2022/12/22, 88, 55, , 
2022/12/23, 94, 56, , 
2022/12/24, 98, 52, , 
2022/12/25, 92, 42, , 
2022/12/26, 83, 39, , 
2022/12/27, 78, 43, , 
2022/12/28, 79, 48, , 
2022/12/29, 84, 49, , 
2022/12/30, 81, 51, , 
2022/12/31, 90, 47, , 
2023/1/1, 88, 46, , 
2023/1/2, 94, 35, , 
2022/7/2, 85, 41, , 
2022/7/3, 86, 36, , 
2022/7/4, 73, 25, , 
2022/7/5, 58, 30, , 
2022/7/6, 64, 36, , 
2022/7/7, 69, 43, , 
2022/7/8, 80, 38, , 
2022/7/9, 80, 40, , 
2022/7/10, 81, 33, , 
2022/7/11, 68, 27, , 
2022/7/12, 65, 43, , 
2022/7/13, 88, 40, , 
2022/7/14, 78, 35, , 
2022/7/15, 70, 44, , 
2022/7/16, 82, 51, , 
2022/7/17, 92, 37, , 
2022/7/18, 79, 28, , 
2022/7/19, 68, 32, , 
2022/7/20, 67, 33, , 
2022/7/21, 68, 35, , 
2022/7/22, 74, 40, , 
2022/7/23, 79, 36, , 
2022/7/24, 75, 36, , 
2022/7/25, 78, 30, , 
2022/7/26, 71, 31, , 
2022/7/27, 77, 41, , 
2022/7/28, 85, 34, , 
2022/7/29, 77, 31, , 
2022/7/30, 73, 35, , 
2022/7/31, 74, 33, , 
2022/8/1, 73, , , 
2022/8/2, 72, 36, , 
2022/8/3, 77, 41, , 
2022/8/4, 87, 39, , 
2022/8/5, 81, 40, , 
2022/8/6, 82, 39, , 
2022/8/7, 85, 35, , 
2022/8/8, 78, 29, , 
2022/8/9, 60, 39, , 
2022/8/10, 73, 42, , 
2022/8/11, 76, 40, , 
2022/8/12, 75, 50, , 
2022/8/13, 92, 45, , 
2022/8/14, 84, 30, , 
2022/8/15, 66, 21, , 
2022/8/16, 56, 29, , 
2022/8/17, 64, 41, , 
2022/8/18, 74, 40, , 
2022/8/19, 70, 43, , 
2022/8/20, 78, 40, , 
2022/8/21, 75, , , 
2022/8/23, 69, 47, , 
2022/8/24, 88, 43, , 
2022/8/25, 78, 49, , 
2022/8/26, 88, 45, , 
2022/8/27, 88, 48, , 
2022/8/28, 97, 38, , 
2022/8/29, 86, 27, , 
2022/8/30, 65, 38, , 
2022/8/31, 75, 36, , 
2022/9/1, 72, 42, , 
2022/9/2, 78, 45, , 
2022/9/3, 86, 40, , 
2022/9/4, 81, 34, , 
2022/9/5, 72, 40, , 
2022/9/6, 86, 44, , 
2022/9/7, 99, 43, , 
2022/9/8, 98, 42, , 
2022/9/9, 90, 41, , 
2022/9/10, 85, 45, , 
2022/9/11, 88, 33, , 
2022/9/12, 75, 29, , 
2022/9/13, 68, 40, , 
2022/9/14, 84, 42, , 
2022/9/15, 86, 47, , 
2022/9/16, 100, 42, , 
2022/9/17, 86, 52, , 
2022/9/18, 103, 37, , 
2022/9/19, 82, 31, , 
2022/9/20, 70, 42, , 
2022/9/21, 86, 48, , 
2022/9/22, 98, 38, , 
2022/9/23, 86, 46, , 
2022/9/24, 100, 50, , 
2022/9/25, 114, 46, , 
2022/9/26, 99, 42, , 
2022/9/27, 87, 41, , 
2022/9/28, 81, 41, , 
2022/9/29, 80, 44, , 
2022/9/30, 88, 53, , 
2022/10/1, 108, 45, , 
2022/4/2, 80, 45, , 
2022/4/3, 84, 40, , 
2022/4/4, 79, 34, , 
2022/4/5, 71, 37, , 
2022/4/6, 77, 37, , 
2022/4/7, 77, 35, , 
2022/4/8, 73, 42, , 
2022/4/9, 80, 39, , 
2022/4/10, 69, 36, , 
2022/4/11, 65, 35, , 
2022/4/12, 64, 40, , 
2022/4/13, 68, 41, , 
2022/4/14, 74, 48, , 
2022/4/15, 89, 42, , 
2022/4/16, 87, 31, , 
2022/4/17, 69, 25, , 
2022/4/18, 60, 35, , 
2022/4/19, 72, 41, , 
2022/4/20, 77, 34, , 
2022/4/21, 68, 33, , 
2022/4/22, 70, 32, , 
2022/4/23, 66, 33, , 
2022/4/24, 66, 28, , 
2022/4/25, 60, 29, , 
2022/4/26, 61, 42, , 
2022/4/27, 79, 47, , 
2022/4/28, 86, 44, , 
2022/4/29, 85, 34, , 
2022/4/30, 68, 44, , 
2022/5/1, 80, 36, , 
2022/5/2, 74, 26, , 
2022/5/3, 57, 33, , 
2022/5/4, 63, 39, , 
2022/5/5, 69, 43, , 
2022/5/6, 75, 40, , 
2022/5/7, 76, 37, , 
2022/5/8, 81, 38, , 
2022/5/9, 81, 37, , 
2022/5/10, 76, , , 
2022/5/11, 84, 51, , 
2022/5/12, 95, 42, , 
2022/5/13, 85, 49, , 
2022/5/14, 83, 45, , 
2022/5/15, 73, 34, , 
2022/5/16, 67, 31, , 
2022/5/17, 66, 42, , 
2022/5/18, 78, , , 
2022/5/19, 81, , , 
2022/5/20, 87, , , 
2022/5/21, 87, , , 
2022/5/22, 76, , , 
2022/5/23, 87, , , 
2022/5/24, 77, , 12, 
2022/5/25, 70, , , 
2022/5/26, 86, , , 
2022/5/27, 77, , , 
2022/5/28, 74, , , 
2022/5/29, 70, , , 
2022/5/30, 63, , , 
2022/5/31, 56, , , 
2022/6/1, 69, , , 
2022/6/2, 95, , , 
2022/6/3, 91, , , 
2022/6/4, 82, , , 
2022/6/5, 99, , , 
2022/6/7, 89, 49, , 
2022/6/8, 101, 52, , 
2022/6/9, 101, 48, , 
2022/6/10, 95, 45, , 
2022/6/11, 90, 39, , 
2022/6/12, 83, 30, , 
2022/6/13, 69, 28, , 
2022/6/14, 65, 31, , 
2022/6/15, 67, 39, , 
2022/6/16, 84, 39, , 
2022/6/17, 86, 46, , 
2022/6/18, 90, 55, , 
2022/6/19, 114, 34, , 
2022/6/20, 80, 26, , 
2022/6/21, 65, 36, , 
2022/6/22, 77, 41, , 
2022/6/23, 88, 40, , 
2022/6/24, 78, 41, , 
2022/6/25, 78, 39, , 
2022/6/26, 78, 29, , 
2022/6/27, 69, 29, , 
2022/6/28, 73, 28, , 
2022/6/29, 70, 31, , 
2022/6/30, 70, 35, , 
2022/7/1, 72, 41, , 
2022/1/4, 81, 45, , 
2022/1/5, 81, 46, , 
2022/1/6, 80, 44, , 
2022/1/7, 81, 38, , 
2022/1/8, 84, 47, , 
2022/1/9, 95, 37, , 
2022/1/10, 81, 32, , 
2022/1/11, 71, 35, , 
2022/1/12, 74, 43, , 
2022/1/13, 83, 40, , 
2022/1/14, 77, 37, , 
2022/1/15, 70, 39, , 
2022/1/16, 72, 37, , 
2022/1/17, 76, 40, , 
2022/1/18, 82, 50, , 
2022/1/19, 89, 47, , 
2022/1/20, 88, 42, , 
2022/1/21, 77, 48, , 
2022/1/22, 82, 52, , 
2022/1/23, 91, 43, , 
2022/1/24, 82, 41, , 
2022/1/25, 75, 52, , 
2022/1/26, 86, 52, , 
2022/1/27, 90, 54, , 
2022/1/28, 92, 54, , 
2022/1/29, 93, 52, , 
2022/1/30, 93, 46, , 
2022/1/31, 84, 47, , 
2022/2/1, 84, 52, , 
2022/2/2, 82, 53, , 
2022/2/5, 109, 54, , 
2022/2/6, 112, 43, , 
2022/2/7, 92, 39, , 
2022/2/8, 82, 44, , 
2022/2/9, 88, 52, , 
2022/2/10, 102, 55, , 
2022/2/11, 97, 50, , 
2022/2/12, 83, 47, , 
2022/2/13, 77, 39, , 
2022/2/14, 74, 43, , 
2022/2/15, 81, 49, , 
2022/2/16, 85, 50, , 
2022/2/17, 89, 52, , 
2022/2/18, 99, 50, , 
2022/2/19, 100, 49, , 
2022/2/20, 94, 44, , 
2022/2/21, 88, 39, , 
2022/2/22, 81, 46, , 
2022/2/23, 95, 51, , 
2022/2/24, 107, 58, , 
2022/2/25, 132, 62, , 
2022/2/26, 143, 61, , 
2022/2/27, 140, 52, , 
2022/2/28, 116, 37, , 
2022/3/1, 90, 39, , 
2022/3/2, 80, 43, , 
2022/3/3, 86, 52, , 
2022/3/4, 96, 49, , 
2022/3/5, 87, 41, , 
2022/3/6, 88, 37, , 
2022/3/7, 86, 40, , 
2022/3/8, 81, 43, , 
2022/3/9, 77, 47, , 
2022/3/10, 82, 47, , 
2022/3/11, 84, 43, , 
2022/3/12, 77, 41, , 
2022/3/13, 77, 39, , 
2022/3/14, 79, 34, , 
2022/3/15, 69, 44, , 
2022/3/16, 87, 50, , 
2022/3/17, 101, 48, , 
2022/3/18, 99, 55, , 
2022/3/19, 114, 60, , 
2022/3/20, 126, 47, , 
2022/3/21, 94, 38, , 
2022/3/22, 85, 47, , 
2022/3/23, 100, 54, , 
2022/3/24, 107, 59, , 
2022/3/25, 122, 56, , 
2022/3/26, 114, 58, , 
2022/3/27, 118, 38, , 
2022/3/28, 87, 42, 19, 
2022/3/29, 92, 40, , 
2022/3/30, 85, 39, , 
2022/3/31, 82, 46, , 
2022/4/1, 90, 36, , 
2021/10/2, 75, 49, , 
2021/10/3, 89, 32, , 
2021/10/4, 65, 32, , 
2021/10/5, 64, 36, , 
2021/10/6, 70, 35, , 
2021/10/7, 66, 36, , 
2021/10/8, 66, 40, , 
2021/10/9, 73, 39, , 
2021/10/10, 70, 36, , 
2021/10/11, 73, 33, , 
2021/10/12, 72, 45, , 
2021/10/13, 80, 41, , 
2021/10/14, 80, 49, , 
2021/10/15, 84, 54, , 
2021/10/16, 94, 54, , 
2021/10/17, 102, 34, , 
2021/10/18, 75, 30, , 
2021/10/19, 69, 31, , 
2021/10/20, 61, 39, , 
2021/10/21, 65, 47, , 
2021/10/22, 78, 49, , 
2021/10/23, 86, 55, , 
2021/10/24, 99, 49, , 
2021/10/25, 88, 39, , 
2021/10/26, 76, 41, , 
2021/10/27, 78, 39, , 
2021/10/28, 73, 58, , 
2021/10/29, 106, 55, , 
2021/10/30, 110, 54, , 
2021/10/31, 99, 37, , 
2021/11/1, 78, 28, , 
2021/11/2, 68, 33, , 
2021/11/3, 70, 47, , 
2021/11/4, 84, 43, , 
2021/11/5, 78, 44, , 
2021/11/6, 75, 49, , 
2021/11/7, 80, 43, , 
2021/11/8, 79, 34, , 
2021/11/9, 74, 41, , 
2021/11/10, 82, 45, , 
2021/11/11, 91, 52, , 
2021/11/12, 102, 53, , 
2021/11/13, 93, 46, , 
2021/11/14, 80, 39, , 
2021/11/15, 83, 38, , 
2021/11/16, 84, 48, , 
2021/11/17, 95, 50, , 
2021/11/18, 89, 49, , 
2021/11/19, 81, 46, , 
2021/11/20, 75, 47, , 
2021/11/21, 82, 37, , 
2021/11/22, 82, 43, , 
2021/11/23, 89, 51, , 
2021/11/24, 97, 50, , 
2021/11/25, 97, 43, , 
2021/11/26, 85, 51, , 
2021/11/27, 100, 48, , 
2021/11/28, 87, 40, , 
2021/11/29, 72, 36, , 
2021/11/30, 65, 48, , 
2021/12/1, 82, 45, , 
2021/12/2, 87, 48, , 
2021/12/3, 83, 44, , 
2021/12/4, 74, 45, , 
2021/12/5, 79, 40, , 
2021/12/6, 77, 37, , 
2021/12/7, 76, 47, , 
2021/12/8, 82, 47, , 
2021/12/9, 89, 40, , 
2021/12/10, 83, , , 
2021/12/12, 88, 48, , 
2021/12/13, 93, 40, , 
2021/12/14, 77, 49, , 
2021/12/15, 80, 50, , 
2021/12/16, 84, 51, , 
2021/12/17, 85, 48, , 
2021/12/18, 83, 58, , 
2021/12/19, 119, 63, , 
2021/12/20, 142, 39, , 
2021/12/21, 80, 55, , 
2021/12/22, 107, 52, , 
2021/12/23, 100, 44, , 
2021/12/24, 79, 44, , 
2021/12/25, 79, 35, , 
2021/12/26, 76, 27, , 
2021/12/27, 64, 33, , 
2021/12/28, 71, 48, , 
2021/12/29, 88, 46, , 
2021/12/30, 86, 51, , 
2021/12/31, 102, 42, , 
2022/1/1, 85, 40, , 
2022/1/2, 86, , , 
2021/7/2, 77, 42, , 
2021/7/3, 77, 42, , 
2021/7/4, 78, 35, , 
2021/7/5, 70, 27, , 
2021/7/6, 60, 37, , 
2021/7/7, 70, 47, , 
2021/7/8, 79, 45, , 
2021/7/9, 73, 45, , 
2021/7/10, 75, 47, , 
2021/7/11, 83, 44, , 
2021/7/13, 67, 40, , 
2021/7/14, 76, 42, , 
2021/7/15, 73, 46, , 
2021/7/16, 76, 41, , 
2021/7/17, 75, 35, , 
2021/7/18, 73, 28, , 
2021/7/19, 67, 29, , 
2021/7/20, 64, 31, , 
2021/7/21, 66, , , 
2021/7/22, 69, 41, , 
2021/7/23, 78, 41, , 
2021/7/24, 77, 44, , 
2021/7/25, 85, 31, , 
2021/7/26, 77, 32, , 
2021/7/27, 74, 38, , 
2021/7/28, 83, 51, , 
2021/7/29, 108, 44, , 
2021/7/30, 84, 45, , 
2021/7/31, 89, 36, , 
2021/8/1, 71, 31, , 
2021/8/2, 64, 31, , 
2021/8/3, 65, 39, , 
2021/8/4, 78, 52, , 
2021/8/5, 102, 51, , 
2021/8/6, 94, 49, , 
2021/8/7, 90, 49, , 
2021/8/8, 93, 38, , 
2021/8/9, 80, 28, , 
2021/8/10, 61, 36, , 
2021/8/11, 71, 41, , 
2021/8/12, 78, 38, , 
2021/8/13, 76, 40, , 
2021/8/14, 81, 39, , 
2021/8/15, 81, 31, , 
2021/8/16, 73, 33, , 
2021/8/17, 75, 35, , 
2021/8/18, 78, 36, , 
2021/8/19, 71, 42, , 
2021/8/20, 82, 40, , 
2021/8/21, 76, 43, , 
2021/8/22, 80, 34, , 
2021/8/23, 72, 28, , 
2021/8/24, 64, 41, , 
2021/8/25, 77, 47, , 
2021/8/26, 91, 48, , 
2021/8/27, 95, 44, , 
2021/8/28, 77, 38, , 
2021/8/29, 70, 38, , 
2021/8/30, 75, 27, , 
2021/8/31, 65, , , 
2021/9/2, 79, 40, , 
2021/9/3, 71, 41, , 
2021/9/4, 70, 48, , 
2021/9/5, 82, 37, , 
2021/9/6, 77, 37, , 
2021/9/7, 82, 51, , 
2021/9/8, 101, 49, , 
2021/9/9, 97, 60, , 
2021/9/10, 116, 45, , 
2021/9/11, 85, 37, , 
2021/9/12, 75, 33, , 
2021/9/13, 68, 29, , 
2021/9/14, 60, 35, , 
2021/9/15, 70, 34, , 
2021/9/16, 70, 36, , 
2021/9/17, 73, 40, , 
2021/9/18, 77, 43, , 
2021/9/19, 82, 28, , 
2021/9/20, 72, 33, , 
2021/9/21, 67, 37, , 
2021/9/22, 73, 43, , 
2021/9/23, 81, 40, , 
2021/9/24, 83, 43, , 
2021/9/25, 87, 41, , 
2021/9/26, 70, 35, , 
2021/9/27, 64, 34, , 
2021/9/28, 61, 46, , 
2021/9/29, 79, 51, , 
2021/9/30, 98, 46, , 
2021/10/1, 83, 39, , 
2021/4/2, 61, 30, 5, 
2021/4/3, 64, , , 
2021/4/4, 55, , , 
2021/4/5, 51, , 21, 
2021/4/6, 52, , , 
2021/4/7, 62, 34, 19, 
2021/4/8, 65, 34, 13, 
2021/4/9, 64, 28, 10, 
2021/4/10, 58, 24, 7, 
2021/4/11, 59, 23, 5, 
2021/4/12, 58, 28, 12, 
2021/4/13, 60, 37, 9, 
2021/4/14, 67, 38, , 
2021/4/15, 67, 46, 16, 
2021/4/16, 78, 38, 14, 
2021/4/17, 74, 39, 8, 
2021/4/18, 75, 26, 5, 
2021/4/19, 56, 28, 10, 
2021/4/20, 59, 36, 11, 
2021/4/21, 66, 44, 17, 
2021/4/22, 75, 48, 16, 
2021/4/23, 86, 46, 10, 
2021/4/24, 84, 37, 10, 
2021/4/25, 74, 35, 5, 
2021/4/26, 75, 38, 14, 
2021/4/27, 75, 52, , 
2021/4/28, 96, 52, , 
2021/4/29, 90, 43, , 
2021/4/30, 79, 35, , 
2021/5/1, 75, 35, , 
2021/5/2, 79, 32, , 
2021/5/3, 74, 27, 20, 
2021/5/4, 63, 39, 14, 
2021/5/5, 76, 34, 4, 
2021/5/6, 68, , 10, 
2021/5/8, 87, , 11, 
2021/5/10, 65, 34, 16, 
2021/5/11, 69, 40, 8, 
2021/5/12, 72, 34, 8, 
2021/5/13, 62, 33, 12, 
2021/5/14, 64, 39, 9, 
2021/5/15, 71, 41, , 
2021/5/16, 71, 33, , 
2021/5/17, 65, 22, , 
2021/5/18, 58, 29, , 
2021/5/19, 68, 41, , 
2021/5/20, 81, 36, , 
2021/5/21, 64, 42, , 
2021/5/22, 72, 43, , 
2021/5/23, 75, 29, , 
2021/5/24, 65, 29, 11, 
2021/5/25, 61, 40, , 
2021/5/26, 81, 40, , 
2021/5/27, 72, 39, , 
2021/5/28, 80, 37, , 
2021/5/29, 91, 43, , 
2021/5/30, 87, 40, , 
2021/5/31, 79, 32, , 
2021/6/1, 73, 31, , 
2021/6/2, 72, , , 
2021/6/4, 68, 40, , 
2021/6/5, 74, 42, , 
2021/6/6, 77, 28, , 
2021/6/7, 67, 22, , 
2021/6/8, 56, 29, , 
2021/6/9, 72, 42, , 
2021/6/10, 95, 46, , 
2021/6/11, 97, 41, , 
2021/6/12, 81, 52, , 
2021/6/13, 86, 55, , 
2021/6/14, 88, 40, , 
2021/6/15, 86, 38, , 
2021/6/16, 81, 48, , 
2021/6/17, 81, 48, , 
2021/6/18, 75, 42, , 
2021/6/19, 76, 42, , 
2021/6/20, 74, 34, , 
2021/6/21, 70, 32, , 
2021/6/22, 71, 44, , 
2021/6/23, 79, 51, , 
2021/6/24, 82, 43, , 
2021/6/25, 77, 48, , 
2021/6/26, 93, 44, , 
2021/6/27, 86, 43, , 
2021/6/28, 85, 30, , 
2021/6/29, 68, 35, , 
2021/6/30, 72, 44, , 
2021/7/1, 77, 44, , 
2021/1/5, 67, 43, 13, 
2021/1/6, 66, 47, 16, 
2021/1/7, 76, , 20, 
2021/1/8, 79, 49, 15, 
2021/1/9, 81, 41, 11, 
2021/1/10, 76, 24, 5, 
2021/1/11, 58, 18, 5, 
2021/1/12, 43, 29, 12, 
2021/1/13, 58, 42, 17, 
2021/1/14, 71, 46, 14, 
2021/1/15, 75, 49, 13, 
2021/1/16, 79, 45, 9, 
2021/1/17, 74, 33, 6, 
2021/1/18, 64, 42, 13, 
2021/1/19, 75, 53, 14, 
2021/1/20, 82, 55, 17, 
2021/1/21, 85, 56, 14, 
2021/1/22, 88, , 19, 
2021/1/24, 84, 43, 7, 
2021/1/25, 72, 41, 11, 
2021/1/26, 65, 51, 12, 
2021/1/27, 69, 55, , 
2021/1/31, 82, 49, 9, 
2021/2/1, 80, 46, 16, 
2021/2/2, 73, 47, 15, 
2021/2/3, 71, 50, 14, 
2021/2/4, 69, 52, 11, 
2021/2/5, 76, 52, 16, 
2021/2/6, 76, 52, 17, 
2021/2/7, 78, 48, 9, 
2021/2/8, 79, 49, 14, 
2021/2/9, 78, 54, 15, 
2021/2/10, 79, 50, 14, 
2021/2/11, 76, 53, 13, 
2021/2/12, 79, 54, 16, 
2021/2/13, 80, 53, 14, 
2021/2/14, 82, 46, 10, 
2021/2/15, 82, 48, 19, 
2021/2/16, 89, 58, 16, 
2021/2/17, 97, 60, 16, 
2021/2/18, 91, 50, 17, 
2021/2/19, 87, 42, 18, 
2021/2/20, 77, 52, 15, 
2021/2/21, 80, 41, 10, 
2021/2/22, 73, 43, 14, 
2021/2/23, 76, 53, 15, 
2021/2/24, 83, 55, 13, 
2021/2/25, 85, 53, 15, 
2021/2/26, 86, 50, 16, 
2021/2/27, 78, 49, 17, 
2021/2/28, 76, 46, 11, 
2021/3/1, 71, 42, 20, 
2021/3/2, 68, 44, 26, 
2021/3/3, 80, 56, 19, 
2021/3/4, 111, 56, 20, 
2021/3/5, 114, 56, 24, 
2021/3/6, 106, 63, 20, 
2021/3/7, 138, 59, 12, 
2021/3/8, 129, 43, 16, 
2021/3/9, 88, 54, 17, 
2021/3/10, 79, 54, 19, 
2021/3/11, 86, 54, 20, 
2021/3/12, 92, 43, 23, 
2021/3/13, 79, 52, 19, 
2021/3/14, 92, 49, 15, 
2021/3/15, 87, 47, 22, 
2021/3/16, 85, 50, 25, 
2021/3/17, 95, 49, 23, 
2021/3/18, 92, 40, 27, 
2021/3/19, 74, 41, 20, 
2021/3/20, 79, 40, 18, 
2021/3/21, 79, 42, 14, 
2021/3/22, 85, 28, 13, 
2021/3/23, 66, 38, 19, 
2021/3/24, 75, 44, 21, 
2021/3/25, 80, , 17, 
2021/3/27, 82, 48, 17, 
2021/3/28, 88, 34, 11, 
2021/3/29, 66, 33, 13, 
2021/3/30, 64, 35, 14, 
2021/3/31, 64, 41, 15, 
2021/4/1, 72, 33, 10, 
2020/10/2, 69, 35, , 
2020/10/3, 67, 52, , 
2020/10/4, 99, 38, , 
2020/10/5, 88, 30, , 
2020/10/6, 73, 42, , 
2020/10/7, 81, 46, , 
2020/10/8, 82, 40, , 
2020/10/9, 81, 42, , 
2020/10/10, 80, 37, , 
2020/10/11, 72, 31, , 
2020/10/12, 67, 28, , 
2020/10/13, 61, 28, , 
2020/10/14, 59, 48, , 
2020/10/15, 86, 43, , 
2020/10/16, 76, 46, , 
2020/10/17, 79, 48, , 
2020/10/18, 78, 40, , 
2020/10/19, 76, 37, , 
2020/10/20, 83, 49, , 
2020/10/21, 91, 46, , 
2020/10/22, 82, 44, , 
2020/10/23, 79, 44, , 
2020/10/24, 79, 42, , 
2020/10/25, 85, 44, , 
2020/10/26, 93, 41, , 
2020/10/27, 86, 47, , 
2020/10/28, 81, 45, , 
2020/10/29, 82, 45, , 
2020/10/30, 85, 42, , 
2020/10/31, 85, 45, , 
2020/11/1, 85, 25, , 
2020/11/2, 61, 22, , 
2020/11/3, 56, 33, , 
2020/11/4, 60, 45, , 
2020/11/5, 69, 44, , 
2020/11/6, 78, 46, , 
2020/11/7, 77, 52, , 
2020/11/8, 57, 39, , 
2020/11/9, 56, 39, , 
2020/11/10, 60, 49, , 
2020/11/11, 85, 41, , 
2020/11/12, 78, 54, , 
2020/11/13, 106, 45, , 
2020/11/14, 87, 30, , 
2020/11/15, 66, 30, , 
2020/11/16, 63, 29, , 
2020/11/17, 62, 34, , 
2020/11/18, 72, 46, , 
2020/11/19, 86, 46, , 
2020/11/20, 70, 49, , 
2020/11/21, 74, 43, , 
2020/11/22, 75, 34, , 
2020/11/23, 69, 37, , 
2020/11/24, 69, 49, , 
2020/11/25, 78, 51, , 
2020/11/26, 81, 49, , 
2020/11/27, 83, 51, , 
2020/11/28, 89, 45, , 
2020/11/29, 82, 43, , 
2020/11/30, 84, 37, , 
2020/12/1, 76, 55, , 
2020/12/2, 118, 47, , 
2020/12/3, 89, 52, 20, 
2020/12/4, 96, 52, 15, 
2020/12/5, 78, 51, 13, 
2020/12/6, 85, 43, 9, 
2020/12/7, 76, 43, 16, 
2020/12/8, 79, 50, 9, 
2020/12/9, 90, 46, 15, 
2020/12/10, 81, 53, 15, 
2020/12/11, 86, 55, 14, 
2020/12/12, 83, 55, 13, 
2020/12/13, 85, 47, 10, 
2020/12/14, 82, 55, 17, 
2020/12/15, 86, 64, 17, 
2020/12/16, 90, 64, 16, 
2020/12/17, 93, 65, 15, 
2020/12/18, 92, 62, 17, 
2020/12/19, 95, 59, 16, 
2020/12/20, 99, 51, 13, 
2020/12/21, 86, 51, 15, 
2020/12/22, 86, 57, 12, 
2020/12/23, 87, 57, 13, 
2020/12/24, 88, 50, 15, 
2020/12/25, 83, 27, 5, 
2020/12/26, 64, 23, 13, 
2020/12/27, 56, 32, 11, 
2020/12/28, 68, 27, 16, 
2020/12/29, 59, 42, 15, 
2020/12/30, 70, 42, 14, 
2020/12/31, 75, 45, , 
2021/1/1, 79, 39, , 
2021/1/2, 80, 27, , 
2021/1/3, 70, 27, , 
2021/1/4, 63, 35, 18, 
2020/7/2, 69, 36, , 
2020/7/3, 69, 39, , 
2020/7/4, 65, 40, , 
2020/7/5, 71, 31, , 
2020/7/6, 65, 35, , 
2020/7/7, 66, 47, , 
2020/7/8, 73, 37, , 
2020/7/9, 66, 33, , 
2020/7/10, 59, 42, , 
2020/7/11, 63, 36, , 
2020/7/12, 68, 32, , 
2020/7/13, 64, 24, , 
2020/7/14, 52, 27, , 
2020/7/15, 51, 35, , 
2020/7/16, 60, 41, , 
2020/7/17, 67, 30, , 
2020/7/18, 58, 24, , 
2020/7/19, 55, 20, , 
2020/7/20, 48, 17, , 
2020/7/21, 42, 28, , 
2020/7/22, 59, 33, , 
2020/7/23, 61, 33, , 
2020/7/24, 59, 26, , 
2020/7/25, 57, 22, , 
2020/7/26, 57, 24, , 
2020/7/27, 57, 23, , 
2020/7/28, 53, 29, , 
2020/7/29, 55, 32, , 
2020/7/30, 56, 38, , 
2020/7/31, 61, 48, , 
2020/8/1, 82, 29, , 
2020/8/2, 62, 25, , 
2020/8/3, 48, 30, , 
2020/8/4, 63, 42, , 
2020/8/5, 76, 45, , 
2020/8/6, 80, 50, , 
2020/8/7, 96, 41, , 
2020/8/8, 79, 27, , 
2020/8/9, 58, 29, , 
2020/8/10, 64, 37, , 
2020/8/11, 69, 49, , 
2020/8/12, 86, 44, , 
2020/8/13, 80, 36, , 
2020/8/14, 63, 39, , 
2020/8/15, 74, 33, , 
2020/8/16, 68, 23, , 
2020/8/17, 54, 20, , 
2020/8/18, 46, 30, , 
2020/8/19, 56, 38, , 
2020/8/20, 69, 31, , 
2020/8/21, 63, 38, , 
2020/8/22, 65, 36, , 
2020/8/23, 64, 34, , 
2020/8/24, 68, 38, , 
2020/8/25, 72, 41, , 
2020/8/26, 78, 36, , 
2020/8/27, 67, 41, , 
2020/8/28, 73, 42, , 
2020/8/29, 71, 42, , 
2020/8/30, 67, 34, , 
2020/8/31, 58, 37, , 
2020/9/1, 69, 51, , 
2020/9/2, 89, 42, , 
2020/9/3, 78, 50, , 
2020/9/4, 92, 55, , 
2020/9/5, 104, 36, , 
2020/9/6, 67, 29, , 
2020/9/7, 56, 33, , 
2020/9/8, 62, 38, , 
2020/9/9, 71, 53, , 
2020/9/10, 98, 50, , 
2020/9/11, 93, 43, , 
2020/9/12, 76, 38, , 
2020/9/13, 73, 34, , 
2020/9/14, 71, 35, , 
2020/9/15, 75, 45, , 
2020/9/16, 86, 40, , 
2020/9/17, 76, 44, , 
2020/9/18, 80, 52, , 
2020/9/19, 97, 47, , 
2020/9/20, 102, 37, , 
2020/9/21, 83, 37, , 
2020/9/22, 84, 47, , 
2020/9/23, 89, 41, , 
2020/9/24, 77, 39, , 
2020/9/25, 76, 39, , 
2020/9/26, 76, 38, , 
2020/9/27, 72, 32, , 
2020/9/28, 67, 31, , 
2020/9/29, 61, 38, , 
2020/9/30, 67, 43, , 
2020/10/1, 83, 37, , 
2020/4/2, 69, 20, , 
2020/4/3, 50, 26, , 
2020/4/4, 60, 33, , 
2020/4/5, 76, 25, , 
2020/4/6, 62, 25, , 
2020/4/7, 56, 21, , 
2020/4/8, 41, 23, , 
2020/4/9, 54, 21, , 
2020/4/10, 50, 22, , 
2020/4/11, 54, 19, , 
2020/4/12, 45, 20, , 
2020/4/13, 46, 23, , 
2020/4/14, 53, 27, , 
2020/4/15, 61, 34, , 
2020/4/16, 73, 39, , 
2020/4/17, 85, 52, , 
2020/4/18, 113, 49, , 
2020/4/19, 110, 34, , 
2020/4/20, 79, 34, , 
2020/4/21, 75, 32, , 
2020/4/22, 70, 32, , 
2020/4/23, 65, 28, , 
2020/4/24, 59, 25, , 
2020/4/25, 55, 35, , 
2020/4/26, 67, 31, , 
2020/4/27, 67, 29, , 
2020/4/28, 63, 32, , 
2020/4/29, 71, 31, , 
2020/4/30, 66, 35, , 
2020/5/1, 67, 30, , 
2020/5/2, 62, 29, , 
2020/5/3, 55, 26, , 
2020/5/4, 49, 27, , 
2020/5/5, 54, 26, , 
2020/5/6, 49, 25, , 
2020/5/7, 47, 28, , 
2020/5/8, 53, 28, , 
2020/5/9, 51, 29, , 
2020/5/10, 51, 22, , 
2020/5/11, 39, 27, , 
2020/5/12, 52, 38, , 
2020/5/13, 62, 36, , 
2020/5/14, 61, 40, , 
2020/5/15, 65, 43, , 
2020/5/16, 66, 37, , 
2020/5/17, 59, 29, , 
2020/5/18, 51, 21, , 
2020/5/19, 38, , , 
2020/5/21, 70, 43, , 
2020/5/22, 62, 45, , 
2020/5/23, 61, 55, , 
2020/5/24, 82, 37, , 
2020/5/25, 62, 23, , 
2020/5/26, 42, 32, , 
2020/5/27, 52, 35, , 
2020/5/28, 55, 41, , 
2020/5/29, 70, 42, , 
2020/5/30, 68, 40, , 
2020/5/31, 77, 32, , 
2020/6/1, 69, 31, , 
2020/6/2, 60, 47, , 
2020/6/3, 75, 43, , 
2020/6/4, 73, 45, , 
2020/6/5, 80, 40, , 
2020/6/6, 62, 43, , 
2020/6/7, 68, 42, , 
2020/6/8, 69, 30, , 
2020/6/9, 56, 40, , 
2020/6/10, 65, 47, , 
2020/6/11, 78, 48, , 
2020/6/12, 79, 40, , 
2020/6/13, 70, 43, , 
2020/6/14, 74, 30, , 
2020/6/15, 56, 23, , 
2020/6/16, 47, 37, , 
2020/6/17, 70, 39, , 
2020/6/18, 71, 43, , 
2020/6/19, 75, 42, , 
2020/6/20, 73, 35, , 
2020/6/21, 67, 31, , 
2020/6/22, 58, 22, , 
2020/6/23, 40, 35, , 
2020/6/24, 58, 53, , 
2020/6/25, 81, 72, , 
2020/6/26, 113, 54, , 
2020/6/27, 85, 47, , 
2020/6/28, 76, 33, , 
2020/6/29, 64, 28, , 
2020/6/30, 58, 35, , 
2020/7/1, 62, 40, , 
2020/1/2, 106, 41, , 
2020/1/3, 68, 50, , 
2020/1/4, 63, 55, , 
2020/1/5, 71, 52, , 
2020/1/6, 75, 45, , 
2020/1/7, 67, 51, , 
2020/1/8, 70, 58, , 
2020/1/9, 76, 58, , 
2020/1/10, 83, 57, , 
2020/1/11, 81, 57, , 
2020/1/12, 76, 53, , 
2020/1/13, 71, 50, , 
2020/1/14, 73, 55, , 
2020/1/15, 74, 59, , 
2020/1/16, 81, 61, , 
2020/1/17, 83, 58, , 
2020/1/18, 73, 54, , 
2020/1/19, 67, 48, , 
2020/1/20, 58, 43, , 
2020/1/21, 64, 55, , 
2020/1/22, 87, 50, , 
2020/1/23, 86, 52, , 
2020/1/24, 82, 54, , 
2020/1/25, 78, 49, , 
2020/1/26, 70, 48, , 
2020/1/27, 62, , , 
2020/1/29, 71, 55, , 
2020/1/30, 82, 57, , 
2020/1/31, 83, 63, , 
2020/2/1, 113, 54, , 
2020/2/2, 88, 41, , 
2020/2/3, 73, 39, , 
2020/2/4, 66, 50, , 
2020/2/5, 73, 56, , 
2020/2/6, 85, 61, , 
2020/2/7, 97, 63, , 
2020/2/8, 102, 66, , 
2020/2/9, 124, 60, , 
2020/2/10, 112, 59, , 
2020/2/11, 98, 67, , 
2020/2/12, 108, 65, , 
2020/2/13, 105, 65, , 
2020/2/14, 109, 71, , 
2020/2/15, 137, 61, , 
2020/2/16, 122, 46, , 
2020/2/17, 82, 43, , 
2020/2/18, 73, 54, , 
2020/2/19, 85, 57, , 
2020/2/20, 90, 60, , 
2020/2/21, 96, 61, , 
2020/2/22, 112, 57, , 
2020/2/23, 108, 55, , 
2020/2/24, 99, 53, , 
2020/2/25, 99, 55, , 
2020/2/26, 101, 54, , 
2020/2/27, 96, 66, , 
2020/2/28, 132, 66, , 
2020/2/29, 128, 68, , 
2020/3/1, 139, 60, , 
2020/3/2, 120, 53, , 
2020/3/3, 107, 63, , 
2020/3/4, 122, 65, , 
2020/3/5, 137, 65, , 
2020/3/6, 130, 70, , 
2020/3/7, 148, 76, , 
2020/3/8, 158, 67, , 
2020/3/9, 152, 68, , 
2020/3/10, 151, 66, , 
2020/3/11, 141, 63, , 
2020/3/12, 126, 62, , 
2020/3/13, 140, 62, , 
2020/3/14, 143, 60, , 
2020/3/15, 121, 66, , 
2020/3/16, 152, 60, , 
2020/3/17, 135, 73, , 
2020/3/18, 156, 76, , 
2020/3/19, 156, 80, , 
2020/3/20, 160, 77, , 
2020/3/21, 160, 55, , 
2020/3/22, 120, 46, , 
2020/3/23, 102, 52, , 
2020/3/24, 133, 57, , 
2020/3/25, 147, 57, , 
2020/3/26, 141, 62, , 
2020/3/27, 152, 60, , 
2020/3/28, 149, 55, , 
2020/3/29, 138, 58, , 
2020/3/30, 148, 53, , 
2020/3/31, 128, 38, , 
2020/4/1, 99, 26, , 
2019/10/2, 86, 52, , 
2019/10/3, 74, 53, , 
2019/10/4, 79, 58, , 
2019/10/5, 88, 53, , 
2019/10/6, 80, 48, , 
2019/10/7, 76, 36, , 
2019/10/8, 64, 48, , 
2019/10/9, 72, 55, , 
2019/10/10, 85, 53, , 
2019/10/11, 83, 54, , 
2019/10/12, 89, 56, , 
2019/10/13, 102, 43, , 
2019/10/14, 84, 32, , 
2019/10/15, 62, 43, , 
2019/10/16, 68, 56, , 
2019/10/17, 78, 53, , 
2019/10/18, 83, 56, , 
2019/10/19, 83, 55, , 
2019/10/20, 81, 49, , 
2019/10/21, 77, 38, , 
2019/10/22, 72, 55, , 
2019/10/23, 102, 48, , 
2019/10/24, 84, 41, , 
2019/10/25, 78, 57, , 
2019/10/26, 99, 54, , 
2019/10/27, 92, 46, , 
2019/10/28, 77, , , 
2019/10/30, 64, 50, , 
2019/10/31, 72, 46, , 
2019/11/1, 72, 51, , 
2019/11/2, 78, 54, , 
2019/11/3, 98, 46, , 
2019/11/4, 74, 39, , 
2019/11/5, 69, 40, , 
2019/11/6, 70, 52, , 
2019/11/7, 77, 54, , 
2019/11/8, 77, 54, , 
2019/11/9, 81, 51, , 
2019/11/10, 88, 51, , 
2019/11/11, 89, 38, , 
2019/11/12, 74, 32, , 
2019/11/13, 63, 52, , 
2019/11/14, 91, 59, , 
2019/11/15, 113, 55, , 
2019/11/16, 102, 54, , 
2019/11/17, 85, 45, , 
2019/11/18, 70, 41, , 
2019/11/19, 61, 48, , 
2019/11/20, 72, 52, , 
2019/11/21, 82, 54, , 
2019/11/22, 72, 43, , 
2019/11/23, 70, 61, , 
2019/11/24, 98, 53, , 
2019/11/25, 76, 49, , 
2019/11/26, 71, 56, , 
2019/11/27, 77, 55, , 
2019/11/28, 70, 53, , 
2019/11/29, 69, 60, , 
2019/11/30, 79, 60, , 
2019/12/1, 82, 53, , 
2019/12/2, 72, 45, , 
2019/12/3, 67, 57, , 
2019/12/4, 82, 61, , 
2019/12/5, 89, 58, , 
2019/12/6, 89, 56, , 
2019/12/7, 77, 58, , 
2019/12/8, 85, 53, , 
2019/12/9, 94, 47, , 
2019/12/10, 71, 56, , 
2019/12/11, 79, 55, , 
2019/12/12, 85, 56, , 
2019/12/13, 81, 53, , 
2019/12/14, 82, 55, , 
2019/12/15, 81, 48, , 
2019/12/16, 75, 46, , 
2019/12/17, 71, 55, , 
2019/12/18, 84, 57, , 
2019/12/19, 95, 58, , 
2019/12/20, 85, 58, , 
2019/12/21, 75, 61, , 
2019/12/22, 80, 54, , 
2019/12/23, 70, 51, , 
2019/12/24, 74, 56, , 
2019/12/25, 80, 47, , 
2019/12/26, 76, 42, , 
2019/12/27, 62, 56, , 
2019/12/28, 75, 60, , 
2019/12/29, 85, 48, , 
2019/12/30, 70, , , 
2019/8/24, 92, 55, , 
2019/8/25, 82, 45, , 
2019/8/26, 71, 43, , 
2019/8/27, 68, 52, , 
2019/8/28, 80, 57, , 
2019/8/29, 90, 58, , 
2019/8/30, 91, 57, , 
2019/8/31, 94, 56, , 
2019/9/1, 93, 45, , 
2019/9/2, 81, 38, , 
2019/9/3, 72, 50, , 
2019/9/4, 77, 49, , 
2019/9/5, 73, 49, , 
2019/9/6, 75, 51, , 
2019/9/7, 77, 56, , 
2019/9/8, 91, 45, , 
2019/9/9, 75, 42, , 
2019/9/10, 73, 50, , 
2019/9/11, 79, 50, , 
2019/9/12, 77, 51, , 
2019/9/13, 77, 50, , 
2019/9/14, 72, 52, , 
2019/9/15, 76, 43, , 
2019/9/16, 69, 39, , 
2019/9/17, 70, 50, , 
2019/9/18, 80, 50, , 
2019/9/19, 83, 41, , 
2019/9/20, 77, 54, , 
2019/9/21, 84, 58, , 
2019/9/22, 91, 51, , 
2019/9/23, 87, 36, , 
2019/9/24, 68, 54, , 
2019/9/25, 94, 58, , 
2019/9/26, 99, 46, , 
2019/9/27, 91, 56, , 
2019/9/28, 90, 53, , 
2019/9/29, 80, 48, , 
2019/9/30, 75, 41, , 
2019/10/1, 72, 48, , 
2018/4/2, 70, , , 
2018/4/3, 86, , , 
2018/4/4, 98, , , 
2018/4/5, 91, , , 
2018/4/6, 98, , , 
2018/4/7, 90, , , 
2018/4/8, 94, , , 
2018/4/9, 91, , , 
2018/4/10, 91, , , 
2018/4/11, 98, , , 
2018/4/12, 101, , , 
2018/4/13, 88, , , 
2018/4/14, 100, , , 
2018/4/15, 102, , , 
2018/4/16, 105, , , 
2018/1/5, 105, , , 
2018/1/16, 65, , , 
2018/1/17, 22, , , 
2018/1/18, 20, , , 
2018/1/19, 40, , , 
2018/1/20, 78, , , 
2018/1/23, 71, , , 
2018/1/24, 70, , , 
2018/1/25, 69, , , 
2018/1/27, 98, , , 
2018/1/28, 100, , , 
2018/1/29, 79, , , 
2018/1/30, 97, , , 
2018/1/31, 94, , , 
2018/2/1, 102, , , 
2018/2/2, 121, , , 
2018/2/5, 80, , , 
2018/2/6, 99, , , 
2018/2/8, 103, , , 
2018/2/9, 105, , , 
2018/2/10, 109, , , 
2018/2/12, 113, , , 
2018/2/13, 110, , , 
2018/2/14, 100, , , 
2018/2/15, 113, , , 
2018/2/16, 101, , , 
2018/2/19, 116, , , 
2018/2/20, 105, , , 
2018/2/21, 128, , , 
2018/2/22, 149, , , 
2018/2/23, 146, , , 
2018/2/24, 129, , , 
2018/2/25, 113, , , 
2018/2/26, 110, , , 
2018/2/27, 115, , , 
2018/2/28, 122, , , 
2018/3/1, 119, , , 
2018/3/2, 116, , , 
2018/3/5, 111, , , 
2018/3/6, 135, , , 
2018/3/7, 154, , , 
2018/3/8, 121, , , 
2018/3/9, 111, , , 
2018/3/12, 68, , , 
2018/3/13, 102, , , 
2018/3/14, 125, , , 
2018/3/15, 108, , , 
2018/3/16, 133, , , 
2018/3/20, 115, , , 
2018/3/21, 137, , , 
2018/3/22, 133, , , 
2018/3/23, 145, , , 
2018/3/24, 128, , , 
2018/3/25, 116, , , 
2018/3/26, 88, , , 
2018/3/27, 107, , , 
2018/3/28, 97, , , 
2018/3/29, 119, , , 
2018/3/30, 111, , , 
2018/3/31, 70, , , 
2017/10/2, 95, , , 
2017/10/3, 79, , , 
2017/10/4, 119, , , 
2017/10/5, 117, , , 
2017/10/6, 100, , , 
2017/10/8, 84, , , 
2017/10/9, 86, , , 
2017/10/10, 123, , , 
2017/10/11, 116, , , 
2017/10/12, 88, , , 
2017/10/13, 91, , , 
2017/10/14, 88, , , 
2017/10/15, 78, , , 
2017/10/17, 59, , , 
2017/10/18, 73, , , 
2017/10/19, 77, , , 
2017/10/20, 91, , , 
2017/10/23, 93, , , 
2017/10/24, 90, , , 
2017/10/25, 103, , , 
2017/10/26, 111, , , 
2017/10/27, 111, , , 
2017/10/30, 85, , , 
2017/10/31, 99, , , 
2017/11/1, 100, , , 
2017/11/2, 98, , , 
2017/11/3, 103, , , 
2017/11/5, 92, , , 
2017/11/6, 98, , , 
2017/11/7, 67, , , 
2017/11/9, 117, , , 
2017/11/10, 126, , , 
2017/11/11, 119, , , 
2017/11/13, 80, , , 
2017/11/14, 91, , , 
2017/11/15, 114, , , 
2017/11/16, 80, , , 
2017/11/17, 72, , , 
2017/11/20, 54, , , 
2017/11/21, 78, , , 
2017/11/22, 94, , , 
2017/11/23, 85, , , 
2017/11/24, 81, , , 
2017/11/25, 100, , , 
2017/11/26, 99, , , 
2017/11/27, 59, , , 
2017/11/28, 85, , , 
2017/11/29, 83, , , 
2017/11/30, 92, , , 
2017/12/1, 105, , , 
2017/12/2, 91, , , 
2017/12/4, 70, , , 
2017/12/5, 86, , , 
2017/12/6, 72, , , 
2017/12/7, 80, , , 
2017/12/8, 86, , , 
2017/12/9, 83, , , 
2017/12/10, 85, , , 
2017/12/11, 97, , , 
2017/12/13, 80, , , 
2017/12/14, 81, , , 
2017/12/15, 75, , , 
2017/12/16, 84, , , 
2017/12/17, 93, , , 
2017/12/18, 78, , , 
2017/12/19, 80, , , 
2017/12/20, 91, , , 
2017/12/21, 97, , , 
2017/12/22, 81, , , 
2017/12/27, 81, , , 
2017/7/4, 59, , , 
2017/7/5, 67, , , 
2017/7/6, 57, , , 
2017/7/7, 75, , , 
2017/7/10, 54, , , 
2017/7/11, 62, , , 
2017/7/12, 74, , , 
2017/7/13, 71, , , 
2017/7/14, 89, , , 
2017/7/17, 77, , , 
2017/7/18, 91, , , 
2017/7/19, 63, , , 
2017/7/21, 64, , , 
2017/7/22, 85, , , 
2017/7/23, 72, , , 
2017/7/24, 56, , , 
2017/7/25, 66, , , 
2017/7/26, 60, , , 
2017/7/31, 71, , , 
2017/8/4, 80, , , 
2017/8/11, 82, , , 
2017/8/14, 60, , , 
2017/8/16, 77, , , 
2017/8/22, 52, , , 
2017/8/29, 78, , , 
2017/9/12, 82, , , 
2017/9/14, 103, , , 
2017/9/15, 95, , , 
2017/9/16, 85, , , 
2017/9/18, 67, , , 
2017/9/19, 94, , , 
2017/9/20, 99, , , 
2017/9/21, 115, , , 
2017/9/25, 90, , , 
2017/9/26, 79, , , 
2017/9/27, 102, , , 
2017/9/28, 93, , , 
2017/9/29, 92, , , 
2017/4/3, 70, , , 
2017/4/4, 55, , , 
2017/4/5, 96, , , 
2017/4/6, 117, , , 
2017/4/7, 129, , , 
2017/4/8, 80, , , 
2017/4/17, 53, , , 
2017/4/18, 78, , , 
2017/4/19, 90, , , 
2017/4/20, 86, , , 
2017/4/21, 88, , , 
2017/4/22, 96, , , 
2017/4/23, 109, , , 
2017/4/24, 79, , , 
2017/4/25, 88, , , 
2017/4/26, 96, , , 
2017/4/27, 83, , , 
2017/4/28, 96, , , 
2017/4/29, 63, , , 
2017/5/2, 99, , , 
2017/5/3, 88, , , 
2017/5/4, 132, , , 
2017/5/5, 136, , , 
2017/5/6, 122, , , 
2017/5/7, 68, , , 
2017/5/8, 94, , , 
2017/5/9, 86, , , 
2017/5/10, 100, , , 
2017/5/11, 73, , , 
2017/5/12, 103, , , 
2017/5/13, 122, , , 
2017/5/18, 86, , , 
2017/5/19, 95, , , 
2017/5/20, 91, , , 
2017/5/21, 93, , , 
2017/5/22, 82, , , 
2017/5/23, 108, , , 
2017/5/24, 103, , , 
2017/5/25, 90, , , 
2017/5/26, 82, , , 
2017/5/27, 85, , , 
2017/5/29, 77, , , 
2017/5/30, 81, , , 
2017/5/31, 73, , , 
2017/6/1, 78, , , 
2017/6/2, 84, , , 
2017/6/3, 77, , , 
2017/6/4, 95, , , 
2017/6/5, 69, , , 
2017/6/6, 80, , , 
2017/6/7, 83, , , 
2017/6/8, 96, , , 
2017/6/9, 84, , , 
2017/6/10, 94, , , 
2017/6/11, 70, , , 
2017/6/12, 65, , , 
2017/6/13, 69, , , 
2017/6/14, 95, , , 
2017/6/15, 104, , , 
2017/6/16, 87, , , 
2017/6/17, 101, , , 
2017/6/18, 89, , , 
2017/6/19, 72, , , 
2017/6/20, 63, , , 
2017/6/21, 72, , , 
2017/6/22, 93, , , 
2017/6/24, 73, , , 
2017/6/25, 75, , , 
2017/6/26, 77, , , 
2017/6/27, 57, , , 
2017/6/28, 71, , , 
2017/6/29, 71, , , 
2017/6/30, 71, , , 
2017/7/1, 68, , , 
2017/1/3, 75, , , 
2017/1/4, 85, , , 
2017/1/9, 83, , , 
2017/1/14, 92, , , 
2017/1/16, 85, , , 
2017/1/17, 92, , , 
2017/1/18, 98, , , 
2017/1/20, 129, , , 
2017/1/23, 80, , , 
2017/1/24, 88, , , 
2017/1/25, 99, , , 
2017/1/26, 95, , , 
2017/1/27, 101, , , 
2017/1/29, 92, , , 
2017/2/2, 119, , , 
2017/2/3, 108, , , 
2017/2/6, 100, , , 
2017/2/7, 108, , , 
2017/2/8, 114, , , 
2017/2/9, 122, , , 
2017/2/10, 127, , , 
2017/2/13, 103, , , 
2017/2/14, 112, , , 
2017/2/15, 99, , , 
2017/2/16, 99, , , 
2017/2/17, 99, , , 
2017/2/18, 92, , , 
2017/2/20, 76, , , 
2017/2/21, 111, , , 
2017/2/22, 108, , , 
2017/2/23, 93, , , 
2017/2/24, 91, , , 
2017/2/25, 109, , , 
2017/2/26, 114, , , 
2017/2/27, 112, , , 
2017/2/28, 107, , , 
2017/3/1, 101, , , 
2017/3/2, 111, , , 
2017/3/3, 109, , , 
2017/3/4, 109, , , 
2017/3/5, 88, , , 
2017/3/6, 91, , , 
2017/3/7, 106, , , 
2017/3/8, 100, , , 
2017/3/9, 118, , , 
2017/3/10, 95, , , 
2017/3/11, 120, , , 
2017/3/12, 131, , , 
2017/3/13, 91, , , 
2017/3/14, 117, , , 
2017/3/15, 119, , , 
2017/3/16, 121, , , 
2017/3/17, 81, , , 
2017/3/19, 80, , , 
2017/3/21, 116, , , 
2017/3/22, 111, , , 
2017/3/23, 153, , , 
2017/3/24, 114, , , 
2017/3/28, 65, , , 
2017/3/29, 89, , , 
2017/3/30, 87, , , 
2017/3/31, 92, , , 
2017/4/1, 102, , , 
2016/10/9, 102, , , 
2016/10/10, 90, , , 
2016/10/11, 105, , , 
2016/10/12, 113, , , 
2016/10/13, 111, , , 
2016/10/14, 115, , , 
2016/10/15, 94, , , 
2016/10/16, 104, , , 
2016/10/17, 91, , , 
2016/10/18, 95, , , 
2016/10/19, 106, , , 
2016/10/20, 127, , , 
2016/10/21, 103, , , 
2016/10/24, 90, , , 
2016/10/25, 110, , , 
2016/10/26, 103, , , 
2016/10/27, 99, , , 
2016/10/28, 94, , , 
2016/10/31, 81, , , 
2016/11/1, 116, , , 
2016/11/2, 112, , , 
2016/11/3, 110, , , 
2016/11/4, 102, , , 
2016/11/5, 105, , , 
2016/11/6, 130, , , 
2016/11/8, 94, , , 
2016/11/9, 112, , , 
2016/11/10, 101, , , 
2016/11/11, 103, , , 
2016/11/17, 104, , , 
2016/11/18, 95, , , 
2016/11/21, 81, , , 
2016/11/22, 89, , , 
2016/11/23, 115, , , 
2016/11/24, 98, , , 
2016/11/25, 94, , , 
2016/11/26, 116, , , 
2016/11/28, 90, , , 
2016/11/29, 105, , , 
2016/11/30, 97, , , 
2016/12/1, 107, , , 
2016/12/2, 112, , , 
2016/12/3, 117, , , 
2016/12/5, 85, , , 
2016/12/6, 112, , , 
2016/12/7, 118, , , 
2016/12/12, 82, , , 
2016/12/13, 100, , , 
2016/12/14, 98, , , 
2016/12/15, 98, , , 
2016/12/16, 101, , , 
2016/12/17, 114, , , 
2016/12/18, 106, , , 
2016/12/19, 77, , , 
2016/12/20, 96, , , 
2016/12/21, 108, , , 
2016/12/22, 112, , , 
2016/12/23, 104, , , 
2016/12/24, 104, , , 
2016/12/26, 106, , , 
2016/12/27, 115, , , 
2016/12/28, 100, , , 
2016/12/29, 96, , , 
2016/12/30, 99, , , 
2016/12/31, 121, , , 
2017/1/2, 115, , , 
2016/1/5, 163, , , 146
2016/1/6, 170, , , 141
2016/1/7, 172, , , 138
2016/1/8, 176, , , 166
2016/1/9, 179, , , 
2016/1/14, 172, , , 229
2016/1/15, 176, , , 270
2016/1/16, 182, , , 
2016/1/17, 186, , , 
2016/1/18, 179, , , 108
2016/1/19, 174, , , 124
2016/1/20, 179, , , 121
2016/1/21, 180, , , 161
2016/1/22, 188, , , 166
2016/1/23, 189, , , 194
2016/1/24, 195, , , 98
2016/1/25, 179, , , 140
2016/1/26, 174, , , 121
2016/1/27, 183, , , 118
2016/1/28, 185, , , 
2015/10/2, 183, , , 
2015/10/3, 180, , , 
2015/10/4, 170, , , 
2015/10/6, 163, , , 
2015/10/7, 173, , , 
2015/10/8, 176, , , 
2015/10/10, 168, , , 
2015/10/11, 176, , , 
2015/10/12, 173, , , 
2015/10/13, 168, , , 
2015/10/14, 167, , , 
2015/10/15, 172, , , 
2015/10/16, 180, , , 
2015/10/17, 186, , , 
2015/10/20, 166, , , 
2015/10/21, 174, , , 
2015/10/22, 185, , , 
2015/10/23, 180, , , 
2015/10/24, 184, , , 
2015/10/31, 178, , , 
2015/11/1, 178, , , 
2015/11/2, 172, , , 
2015/11/3, 161, , , 
2015/11/4, 168, , , 
2015/11/5, 181, , , 
2015/11/6, 178, , , 
2015/11/7, 175, , , 
2015/11/8, 175, , , 
2015/11/9, 178, , , 
2015/11/10, 173, , , 
2015/11/11, 171, , , 
2015/11/12, 173, , , 
2015/11/13, 181, , , 
2015/11/14, 176, , , 
2015/11/15, 171, , , 
2015/11/16, 170, , , 
2015/11/17, 162, , , 
2015/11/18, 175, , , 
2015/11/19, 171, , , 
2015/11/22, 183, , , 
2015/11/23, 166, , , 
2015/11/24, 163, , , 
2015/11/25, 179, , , 
2015/11/26, 182, , , 
2015/11/29, 183, , , 
2015/11/30, 174, , , 
2015/12/1, 166, , , 
2015/12/2, 184, , , 
2015/12/3, 174, , , 
2015/12/4, 180, , , 
2015/12/5, 174, , , 
2015/12/6, 182, , , 
2015/12/7, 166, , , 
2015/12/8, 177, , , 
2015/12/9, 183, , , 
2015/12/10, 185, , , 
2015/12/11, 188, , , 
2015/12/12, 181, , , 
2015/12/13, 189, , , 
2015/12/14, 169, , , 
2015/12/15, 181, , , 
2015/12/16, 182, , , 
2015/12/17, 178, , , 
2015/12/18, 186, , , 
2015/12/19, 185, , , 
2015/12/20, 186, , , 
2015/12/21, 171, , , 
2015/12/22, 169, , , 
2015/12/23, 173, , , 
2015/12/24, 179, , , 
2015/12/29, 176, , , 
2015/7/2, 172, , , 
2015/7/3, 177, , , 
2015/7/5, 177, , , 
2015/7/6, 168, , , 
2015/7/7, 165, , , 
2015/7/8, 182, , , 
2015/7/9, 177, , , 
2015/7/11, 175, , , 
2015/7/12, 167, , , 
2015/7/13, 168, , , 
2015/7/14, 166, , , 
2015/7/16, 177, , , 
2015/7/17, 174, , , 
2015/7/18, 180, , , 
2015/7/19, 174, , , 
2015/7/20, 178, , , 
2015/7/22, 178, , , 
2015/7/23, 174, , , 
2015/7/24, 179, , , 
2015/7/25, 172, , , 
2015/7/29, 177, , , 
2015/7/30, 170, , , 
2015/7/31, 162, , , 
2015/8/1, 168, , , 
2015/8/2, 166, , , 
2015/8/3, 158, , , 
2015/8/4, 156, , , 
2015/8/5, 166, , , 
2015/8/8, 170, , , 
2015/8/9, 174, , , 
2015/8/10, 173, , , 
2015/8/12, 165, , , 
2015/8/13, 172, , , 
2015/8/14, 174, , , 
2015/8/15, 181, , , 
2015/8/16, 173, , , 
2015/8/17, 171, , , 
2015/8/18, 167, , , 
2015/8/19, 167, , , 
2015/8/20, 168, , , 
2015/8/21, 170, , , 
2015/8/22, 172, , , 
2015/8/23, 177, , , 
2015/8/24, 168, , , 
2015/8/25, 167, , , 
2015/8/26, 180, , , 
2015/8/27, 178, , , 
2015/8/28, 177, , , 
2015/8/29, 169, , , 
2015/8/30, 170, , , 
2015/8/31, 172, , , 
2015/9/1, 175, , , 
2015/9/2, 168, , , 
2015/9/3, 174, , , 
2015/9/4, 176, , , 
2015/9/5, 178, , , 
2015/9/6, 169, , , 
2015/9/7, 160, , , 
2015/9/8, 166, , , 
2015/9/9, 172, , , 
2015/9/10, 168, , , 
2015/9/11, 169, , , 
2015/9/12, 168, , , 
2015/9/13, 175, , , 
2015/9/14, 178, , , 
2015/9/15, 175, , , 
2015/9/16, 174, , , 
2015/9/17, 178, , , 
2015/9/18, 181, , , 
2015/9/24, 175, , , 
2015/9/25, 181, , , 
2015/9/26, 176, , , 
2015/9/27, 160, , , 
2015/9/28, 153, , , 
2015/9/29, 154, , , 
2015/9/30, 171, , , 
2015/10/1, 175, , , 
2015/6/2, 178, 52, , 
2015/6/3, 180, , , 
2015/6/5, 180, , , 
2015/6/6, 177, , , 
2015/6/7, 185, , , 
2015/6/8, 173, , , 
2015/6/9, 160, , , 
2015/6/10, 165, , , 
2015/6/11, 171, , , 
2015/6/12, 172, , , 
2015/6/13, 171, , , 
2015/6/14, 171, , , 
2015/6/15, 164, , , 
2015/6/16, 158, , , 
2015/6/17, 161, , , 
2015/6/18, 166, , , 
2015/6/19, 177, , , 
2015/6/20, 169, , , 
2015/6/21, 169, , , 
2015/6/22, 164, , , 
2015/6/23, 162, , , 
2015/6/24, 167, , , 
2015/6/25, 164, , , 
2015/6/26, 170, , , 
2015/6/27, 167, , , 
2015/6/28, 159, , , 
2015/6/29, 134, , , 
2024/9/23, , 28, 34, 
2024/1/17, , 49, , 
2024/1/18, , 47, , 
2024/1/19, , 47, , 
2024/1/20, , 49, , 
2024/1/24, , 47, , 
2024/1/25, , 52, , 
2024/1/26, , 56, , 
2024/1/27, , 58, , 
2024/1/28, , 53, , 
2024/1/29, , 52, , 
2024/1/30, , 53, , 
2024/2/20, , 52, , 
2023/12/9, , 43, , 
2023/12/10, , 38, , 
2023/12/11, , 34, , 
2023/12/12, , 37, , 
2023/7/24, , 30, , 
2023/7/25, , 37, , 
2023/7/26, , 48, , 
2023/5/30, , 39, , 
2022/11/17, , 41, , 
2022/11/18, , 39, , 
2022/11/19, , 48, , 
2022/12/21, , 52, , 
2022/8/22, , 31, , 
2022/6/6, , 42, , 
2022/2/3, , 54, , 
2022/2/4, , 55, , 
2021/12/11, , 51, , 
2021/7/12, , 30, , 
2021/9/1, , 40, , 
2021/5/7, , 44, 6, 
2021/5/9, , 28, 7, 
2021/6/3, , 37, , 
2021/1/23, , 56, 15, 
2021/1/28, , 56, , 
2021/1/29, , 58, 18, 
2021/1/30, , 56, 13, 
2021/3/26, , 47, 21, 
2020/5/20, , 47, , 
2020/1/1, , 47, , 
2020/1/28, , 50, , 
2019/8/23, , 56, , 
2015/6/1, , 49, , 
2015/6/4, , 52, , 
2016/1/4, , , , 124
2015/10/5, , , , 
2015/10/9, , , , 
2015/10/19, , , , 
2015/10/30, , , , 
2015/11/20, , , , 
2015/11/21, , , , 
2015/11/28, , , , 
2015/12/28, , , , 
2015/7/1, , , , 
2015/7/4, , , , 
2015/7/10, , , , 
2015/7/15, , , , 
2015/7/21, , , , 
2015/7/28, , , , 
2015/8/7, , , , 
2015/8/11, , , , 
2015/9/23, , , , 
2015/6/30, , , , 